u_id,date,wb_morning,totalTimeInBed,steps,heartrate_mean,workday,inpatient_n,age,sex,occupation
D001,2025-01-01,147,457,7581,77,1,8,22,Female,Nurse
D001,2025-01-02,221,503,6260,81,0,3,22,Female,Nurse
D001,2025-01-03,277,483,12400,76,1,8,22,Female,Nurse
D001,2025-01-04,242,473,9737,81,0,6,22,Female,Nurse
D001,2025-01-05,130,450,,84,1,4,22,Female,Nurse
D001,2025-01-06,154,392,7090,78,1,10,22,Female,Nurse
D001,2025-01-07,238,486,7956,84,1,8,22,Female,Nurse
D001,2025-01-08,190,447,,82,1,10,22,Female,Nurse
D001,2025-01-09,286,598,4644,78,0,6,22,Female,Nurse
D001,2025-01-10,196,424,4297,78,1,5,22,Female,Nurse
D001,2025-01-11,265,398,3294,78,0,6,22,Female,Nurse
D001,2025-01-12,216,439,9773,,1,10,22,Female,Nurse
D001,2025-01-13,256,439,8727,,1,3,22,Female,Nurse
D001,2025-01-14,199,,9363,81,1,6,22,Female,Nurse
D001,2025-01-15,137,454,13626,80,1,7,22,Female,Nurse
D001,2025-01-16,218,521,2683,77,0,3,22,Female,Nurse
D001,2025-01-17,318,497,5879,80,0,3,22,Female,Nurse
D001,2025-01-18,290,469,9673,82,1,9,22,Female,Nurse
D001,2025-01-19,290,507,8299,79,1,6,22,Female,Nurse
D001,2025-01-20,213,559,7487,85,0,6,22,Female,Nurse
D001,2025-01-21,249,421,11199,80,1,6,22,Female,Nurse
D001,2025-01-22,286,500,5563,79,1,7,22,Female,Nurse
D001,2025-01-23,259,456,4291,77,0,5,22,Female,Nurse
D001,2025-01-24,118,334,9691,86,1,3,22,Female,Nurse
D001,2025-01-25,202,527,3042,84,0,5,22,Female,Nurse
D001,2025-01-26,244,507,7037,79,0,5,22,Female,Nurse
D001,2025-01-27,191,514,6693,,1,5,22,Female,Nurse
D001,2025-01-28,305,495,,83,0,5,22,Female,Nurse
D001,2025-01-29,121,349,12551,86,1,6,22,Female,Nurse
D001,2025-01-30,69,416,9989,78,1,10,22,Female,Nurse
D001,2025-01-31,229,468,7532,,0,4,22,Female,Nurse
D001,2025-02-01,202,450,9454,83,1,4,22,Female,Nurse
D001,2025-02-02,249,505,4637,70,1,4,22,Female,Nurse
D001,2025-02-03,232,505,8918,86,0,6,22,Female,Nurse
D001,2025-02-04,310,462,3264,82,0,6,22,Female,Nurse
D002,2025-01-01,240,307,8854,68,1,5,22,Female,Physician
D002,2025-01-02,318,409,10453,67,1,3,22,Female,Physician
D002,2025-01-03,240,356,15499,72,1,6,22,Female,Physician
D002,2025-01-04,136,355,11150,,1,7,22,Female,Physician
D002,2025-01-05,179,320,,72,1,10,22,Female,Physician
D002,2025-01-06,234,347,12569,66,1,3,22,Female,Physician
D002,2025-01-07,177,416,11408,71,1,10,22,Female,Physician
D002,2025-01-08,194,290,12671,71,1,7,22,Female,Physician
D002,2025-01-09,255,250,10469,74,1,8,22,Female,Physician
D002,2025-01-10,167,254,4685,72,1,5,22,Female,Physician
D002,2025-01-11,274,355,8926,70,0,3,22,Female,Physician
D002,2025-01-12,241,386,14791,74,1,8,22,Female,Physician
D002,2025-01-13,166,417,11496,70,1,9,22,Female,Physician
D002,2025-01-14,164,396,5262,74,0,4,22,Female,Physician
D002,2025-01-15,230,291,11752,69,1,5,22,Female,Physician
D002,2025-01-16,311,376,12665,71,1,4,22,Female,Physician
D002,2025-01-17,250,295,8936,68,1,6,22,Female,Physician
D002,2025-01-18,198,294,13187,69,1,10,22,Female,Physician
D002,2025-01-19,290,333,11784,64,1,4,22,Female,Physician
D002,2025-01-20,222,323,,66,1,7,22,Female,Physician
D002,2025-01-21,191,272,9365,67,1,7,22,Female,Physician
D002,2025-01-22,242,281,5889,72,0,5,22,Female,Physician
D002,2025-01-23,308,340,11511,69,0,3,22,Female,Physician
D002,2025-01-24,237,250,12391,64,1,6,22,Female,Physician
D002,2025-01-25,261,411,9239,67,0,5,22,Female,Physician
D002,2025-01-26,173,302,12244,74,1,8,22,Female,Physician
D002,2025-01-27,320,512,7815,66,0,5,22,Female,Physician
D002,2025-01-28,274,368,12361,75,1,5,22,Female,Physician
D002,2025-01-29,225,370,7400,76,1,7,22,Female,Physician
D002,2025-01-30,269,276,12499,70,1,4,22,Female,Physician
D002,2025-01-31,136,336,9222,65,1,10,22,Female,Physician
D002,2025-02-01,167,343,3065,68,0,6,22,Female,Physician
D002,2025-02-02,289,468,12132,73,1,4,22,Female,Physician
D002,2025-02-03,241,343,7749,74,0,3,22,Female,Physician
D002,2025-02-04,204,358,10802,64,0,6,22,Female,Physician
D003,2025-01-01,305,409,6706,73,1,7,22,Female,Nurse
D003,2025-01-02,286,294,8826,68,1,5,22,Female,Nurse
D003,2025-01-03,256,330,6141,,0,3,22,Female,Nurse
D003,2025-01-04,286,394,6344,74,1,8,22,Female,Nurse
D003,2025-01-05,154,367,9201,70,1,5,22,Female,Nurse
D003,2025-01-06,255,295,4761,82,1,3,22,Female,Nurse
D003,2025-01-07,346,337,6378,81,0,5,22,Female,Nurse
D003,2025-01-08,258,,10260,78,1,8,22,Female,Nurse
D003,2025-01-09,292,370,4929,72,1,9,22,Female,Nurse
D003,2025-01-10,284,400,9324,71,0,6,22,Female,Nurse
D003,2025-01-11,215,280,8740,79,1,5,22,Female,Nurse
D003,2025-01-12,315,375,3971,69,0,3,22,Female,Nurse
D003,2025-01-13,224,288,6083,79,0,6,22,Female,Nurse
D003,2025-01-14,182,370,9687,76,1,4,22,Female,Nurse
D003,2025-01-15,217,363,8408,74,1,7,22,Female,Nurse
D003,2025-01-16,260,400,6954,78,0,5,22,Female,Nurse
D003,2025-01-17,126,250,8917,,1,6,22,Female,Nurse
D003,2025-01-18,330,324,5517,72,0,6,22,Female,Nurse
D003,2025-01-19,265,368,10544,74,0,5,22,Female,Nurse
D003,2025-01-20,291,398,7297,,1,5,22,Female,Nurse
D003,2025-01-21,256,367,8883,69,1,7,22,Female,Nurse
D003,2025-01-22,241,348,9037,70,1,4,22,Female,Nurse
D003,2025-01-23,203,349,9466,74,1,3,22,Female,Nurse
D003,2025-01-24,217,339,8625,78,1,4,22,Female,Nurse
D003,2025-01-25,191,326,6988,66,0,4,22,Female,Nurse
D003,2025-01-26,201,329,8938,73,1,6,22,Female,Nurse
D003,2025-01-27,188,267,9710,,1,7,22,Female,Nurse
D003,2025-01-28,284,281,9007,75,1,4,22,Female,Nurse
D003,2025-01-29,150,406,11399,81,1,10,22,Female,Nurse
D003,2025-01-30,,358,7596,75,1,3,22,Female,Nurse
D003,2025-01-31,206,355,8866,83,1,10,22,Female,Nurse
D003,2025-02-01,222,346,10921,80,1,10,22,Female,Nurse
D003,2025-02-02,148,367,8070,76,1,4,22,Female,Nurse
D003,2025-02-03,318,378,6295,74,1,9,22,Female,Nurse
D003,2025-02-04,305,409,9910,73,0,3,22,Female,Nurse
D004,2025-01-01,211,371,7840,69,1,6,24,Female,Nurse
D004,2025-01-02,259,363,6672,73,1,6,24,Female,Nurse
D004,2025-01-03,254,321,8977,80,1,5,24,Female,Nurse
D004,2025-01-04,198,357,11727,76,1,10,24,Female,Nurse
D004,2025-01-05,238,372,10046,72,1,8,24,Female,Nurse
D004,2025-01-06,197,269,13213,,1,6,24,Female,Nurse
D004,2025-01-07,225,319,11403,75,1,9,24,Female,Nurse
D004,2025-01-08,308,352,2743,75,0,4,24,Female,Nurse
D004,2025-01-09,265,364,8878,70,1,6,24,Female,Nurse
D004,2025-01-10,205,320,9682,69,0,5,24,Female,Nurse
D004,2025-01-11,360,320,8502,70,0,6,24,Female,Nurse
D004,2025-01-12,223,418,10369,74,1,10,24,Female,Nurse
D004,2025-01-13,303,400,8622,74,1,8,24,Female,Nurse
D004,2025-01-14,241,326,,69,1,9,24,Female,Nurse
D004,2025-01-15,227,305,13197,74,1,6,24,Female,Nurse
D004,2025-01-16,254,350,4464,69,0,5,24,Female,Nurse
D004,2025-01-17,252,347,8596,75,1,5,24,Female,Nurse
D004,2025-01-18,242,399,11391,70,1,8,24,Female,Nurse
D004,2025-01-19,243,444,9388,69,0,6,24,Female,Nurse
D004,2025-01-20,230,,12534,69,1,9,24,Female,Nurse
D004,2025-01-21,223,324,9634,72,1,3,24,Female,Nurse
D004,2025-01-22,301,323,6961,70,0,4,24,Female,Nurse
D004,2025-01-23,223,332,10048,,1,5,24,Female,Nurse
D004,2025-01-24,273,410,8580,75,0,6,24,Female,Nurse
D004,2025-01-25,159,341,9075,76,0,6,24,Female,Nurse
D004,2025-01-26,224,272,9240,67,1,4,24,Female,Nurse
D004,2025-01-27,278,350,6740,68,0,4,24,Female,Nurse
D004,2025-01-28,202,284,5863,72,0,5,24,Female,Nurse
D004,2025-01-29,285,372,10016,72,1,8,24,Female,Nurse
D004,2025-01-30,,456,9756,77,0,5,24,Female,Nurse
D004,2025-01-31,295,419,7711,71,1,5,24,Female,Nurse
D004,2025-02-01,287,335,5972,71,0,5,24,Female,Nurse
D004,2025-02-02,203,298,4206,62,1,9,24,Female,Nurse
D004,2025-02-03,270,370,10379,68,0,6,24,Female,Nurse
D004,2025-02-04,270,368,,67,1,6,24,Female,Nurse
D005,2025-01-01,245,376,10277,75,0,6,34,Female,Nurse
D005,2025-01-02,212,346,8702,77,0,5,34,Female,Nurse
D005,2025-01-03,244,439,8989,81,1,6,34,Female,Nurse
D005,2025-01-04,243,394,8819,79,1,9,34,Female,Nurse
D005,2025-01-05,232,476,8249,77,1,7,34,Female,Nurse
D005,2025-01-06,321,420,9199,75,0,6,34,Female,Nurse
D005,2025-01-07,211,358,6522,78,0,5,34,Female,Nurse
D005,2025-01-08,286,446,8434,69,0,3,34,Female,Nurse
D005,2025-01-09,216,317,7925,66,0,4,34,Female,Nurse
D005,2025-01-10,233,377,6477,79,1,10,34,Female,Nurse
D005,2025-01-11,262,420,7401,72,0,4,34,Female,Nurse
D005,2025-01-12,272,409,11202,76,1,9,34,Female,Nurse
D005,2025-01-13,226,337,11002,84,1,7,34,Female,Nurse
D005,2025-01-14,206,420,4818,75,0,6,34,Female,Nurse
D005,2025-01-15,278,449,4962,76,0,6,34,Female,Nurse
D005,2025-01-16,259,471,10782,74,0,6,34,Female,Nurse
D005,2025-01-17,292,376,11089,73,1,3,34,Female,Nurse
D005,2025-01-18,269,500,8685,74,0,3,34,Female,Nurse
D005,2025-01-19,323,416,10297,80,1,3,34,Female,Nurse
D005,2025-01-20,239,,5219,73,1,6,34,Female,Nurse
D005,2025-01-21,300,360,12324,70,1,6,34,Female,Nurse
D005,2025-01-22,215,428,5972,77,1,6,34,Female,Nurse
D005,2025-01-23,214,435,9636,79,1,7,34,Female,Nurse
D005,2025-01-24,265,,12083,81,1,8,34,Female,Nurse
D005,2025-01-25,151,384,8613,79,1,9,34,Female,Nurse
D005,2025-01-26,171,432,10714,74,1,9,34,Female,Nurse
D005,2025-01-27,289,392,8105,76,1,4,34,Female,Nurse
D005,2025-01-28,221,476,8757,82,1,8,34,Female,Nurse
D005,2025-01-29,225,378,10195,82,1,7,34,Female,Nurse
D005,2025-01-30,303,530,7360,73,0,6,34,Female,Nurse
D005,2025-01-31,320,434,3743,67,0,5,34,Female,Nurse
D005,2025-02-01,190,272,8654,71,1,5,34,Female,Nurse
D005,2025-02-02,193,421,10313,80,1,8,34,Female,Nurse
D005,2025-02-03,188,414,9467,75,1,9,34,Female,Nurse
D005,2025-02-04,209,336,9784,72,1,6,34,Female,Nurse
D006,2025-01-01,182,405,10535,70,0,3,25,Female,Nurse
D006,2025-01-02,160,359,13272,71,0,4,25,Female,Nurse
D006,2025-01-03,241,375,12759,70,0,6,25,Female,Nurse
D006,2025-01-04,204,380,15045,76,1,10,25,Female,Nurse
D006,2025-01-05,282,482,9811,78,0,6,25,Female,Nurse
D006,2025-01-06,158,300,,73,0,6,25,Female,Nurse
D006,2025-01-07,202,322,,80,0,6,25,Female,Nurse
D006,2025-01-08,233,406,8589,73,0,4,25,Female,Nurse
D006,2025-01-09,158,276,12941,77,1,3,25,Female,Nurse
D006,2025-01-10,234,365,15149,80,1,6,25,Female,Nurse
D006,2025-01-11,244,392,6819,71,0,6,25,Female,Nurse
D006,2025-01-12,234,286,12503,78,1,3,25,Female,Nurse
D006,2025-01-13,194,339,10264,73,0,3,25,Female,Nurse
D006,2025-01-14,224,,13315,78,1,4,25,Female,Nurse
D006,2025-01-15,167,,14056,80,1,5,25,Female,Nurse
D006,2025-01-16,107,366,14561,83,1,4,25,Female,Nurse
D006,2025-01-17,231,422,10202,78,1,7,25,Female,Nurse
D006,2025-01-18,245,301,12528,72,0,3,25,Female,Nurse
D006,2025-01-19,246,434,7103,81,0,5,25,Female,Nurse
D006,2025-01-20,178,370,13186,76,0,4,25,Female,Nurse
D006,2025-01-21,304,440,10668,78,0,4,25,Female,Nurse
D006,2025-01-22,212,360,10878,75,0,6,25,Female,Nurse
D006,2025-01-23,239,423,9885,77,0,4,25,Female,Nurse
D006,2025-01-24,178,281,10629,77,1,10,25,Female,Nurse
D006,2025-01-25,,390,12306,72,0,6,25,Female,Nurse
D006,2025-01-26,180,386,11861,79,1,3,25,Female,Nurse
D006,2025-01-27,228,270,10906,80,0,3,25,Female,Nurse
D006,2025-01-28,221,366,5379,74,0,5,25,Female,Nurse
D006,2025-01-29,312,432,7441,76,0,6,25,Female,Nurse
D006,2025-01-30,221,368,10816,78,1,5,25,Female,Nurse
D006,2025-01-31,154,284,11749,78,1,6,25,Female,Nurse
D006,2025-02-01,167,,16136,81,1,7,25,Female,Nurse
D006,2025-02-02,164,336,14850,76,1,10,25,Female,Nurse
D006,2025-02-03,152,398,16647,79,1,9,25,Female,Nurse
D006,2025-02-04,199,340,8071,80,0,5,25,Female,Nurse
D007,2025-01-01,223,444,7651,77,0,5,28,Female,Nurse
D007,2025-01-02,,521,12356,78,1,7,28,Female,Nurse
D007,2025-01-03,186,483,10290,76,1,10,28,Female,Nurse
D007,2025-01-04,219,459,9600,75,1,3,28,Female,Nurse
D007,2025-01-05,95,,9686,71,1,10,28,Female,Nurse
D007,2025-01-06,174,493,8671,79,1,5,28,Female,Nurse
D007,2025-01-07,281,561,9875,78,0,4,28,Female,Nurse
D007,2025-01-08,277,506,8832,76,0,4,28,Female,Nurse
D007,2025-01-09,190,495,9118,75,1,10,28,Female,Nurse
D007,2025-01-10,210,411,5205,75,1,7,28,Female,Nurse
D007,2025-01-11,167,496,9029,75,1,9,28,Female,Nurse
D007,2025-01-12,233,442,8630,,0,3,28,Female,Nurse
D007,2025-01-13,200,472,11180,78,1,4,28,Female,Nurse
D007,2025-01-14,141,460,3165,81,0,3,28,Female,Nurse
D007,2025-01-15,198,562,8683,77,1,7,28,Female,Nurse
D007,2025-01-16,259,548,9441,66,0,5,28,Female,Nurse
D007,2025-01-17,228,398,10684,74,1,9,28,Female,Nurse
D007,2025-01-18,261,552,4634,,0,5,28,Female,Nurse
D007,2025-01-19,272,546,8402,61,0,3,28,Female,Nurse
D007,2025-01-20,193,403,7281,80,1,7,28,Female,Nurse
D007,2025-01-21,173,451,,71,1,4,28,Female,Nurse
D007,2025-01-22,193,444,10717,73,0,5,28,Female,Nurse
D007,2025-01-23,253,524,4486,66,0,5,28,Female,Nurse
D007,2025-01-24,275,593,9812,72,1,5,28,Female,Nurse
D007,2025-01-25,260,,4542,74,0,3,28,Female,Nurse
D007,2025-01-26,239,443,10755,74,1,5,28,Female,Nurse
D007,2025-01-27,132,466,9918,80,1,4,28,Female,Nurse
D007,2025-01-28,188,510,10063,,1,6,28,Female,Nurse
D007,2025-01-29,272,494,8000,76,1,4,28,Female,Nurse
D007,2025-01-30,264,488,10550,,1,10,28,Female,Nurse
D007,2025-01-31,190,447,10642,81,1,7,28,Female,Nurse
D007,2025-02-01,259,518,6906,78,1,3,28,Female,Nurse
D007,2025-02-02,135,482,8235,78,1,9,28,Female,Nurse
D007,2025-02-03,159,410,6450,78,1,10,28,Female,Nurse
D007,2025-02-04,214,491,8638,78,0,5,28,Female,Nurse
D008,2025-01-01,258,365,10164,75,1,8,40,Female,Nurse
D008,2025-01-02,200,484,14998,77,1,5,40,Female,Nurse
D008,2025-01-03,259,375,10001,,0,4,40,Female,Nurse
D008,2025-01-04,179,418,9879,73,1,8,40,Female,Nurse
D008,2025-01-05,194,388,5882,71,1,9,40,Female,Nurse
D008,2025-01-06,266,441,6173,81,1,3,40,Female,Nurse
D008,2025-01-07,233,446,9141,82,1,10,40,Female,Nurse
D008,2025-01-08,253,503,4441,76,0,4,40,Female,Nurse
D008,2025-01-09,309,440,5085,74,0,3,40,Female,Nurse
D008,2025-01-10,290,447,10716,76,1,3,40,Female,Nurse
D008,2025-01-11,261,462,9933,78,1,9,40,Female,Nurse
D008,2025-01-12,341,541,7559,80,1,10,40,Female,Nurse
D008,2025-01-13,315,411,5438,79,0,4,40,Female,Nurse
D008,2025-01-14,193,402,14660,,1,10,40,Female,Nurse
D008,2025-01-15,312,462,6072,73,0,3,40,Female,Nurse
D008,2025-01-16,256,,6931,75,1,3,40,Female,Nurse
D008,2025-01-17,220,526,7605,,0,6,40,Female,Nurse
D008,2025-01-18,324,421,4340,71,0,4,40,Female,Nurse
D008,2025-01-19,189,448,10038,79,1,6,40,Female,Nurse
D008,2025-01-20,291,359,6249,84,0,5,40,Female,Nurse
D008,2025-01-21,247,365,8792,77,1,9,40,Female,Nurse
D008,2025-01-22,314,375,,79,1,3,40,Female,Nurse
D008,2025-01-23,339,444,10055,80,1,3,40,Female,Nurse
D008,2025-01-24,165,372,,77,1,10,40,Female,Nurse
D008,2025-01-25,264,425,6964,79,1,10,40,Female,Nurse
D008,2025-01-26,292,470,7279,81,0,5,40,Female,Nurse
D008,2025-01-27,209,415,6726,75,1,6,40,Female,Nurse
D008,2025-01-28,317,447,7346,77,1,10,40,Female,Nurse
D008,2025-01-29,322,492,1000,78,0,4,40,Female,Nurse
D008,2025-01-30,283,450,3481,77,1,9,40,Female,Nurse
D008,2025-01-31,292,408,4649,74,1,5,40,Female,Nurse
D008,2025-02-01,201,427,1971,75,1,4,40,Female,Nurse
D008,2025-02-02,369,481,9321,80,1,4,40,Female,Nurse
D008,2025-02-03,247,333,9694,78,1,6,40,Female,Nurse
D008,2025-02-04,114,379,7595,76,1,10,40,Female,Nurse
D009,2025-01-01,272,415,11779,77,1,9,29,Female,Nurse
D009,2025-01-02,270,,10570,79,1,9,29,Female,Nurse
D009,2025-01-03,229,398,6282,78,1,6,29,Female,Nurse
D009,2025-01-04,279,368,10083,78,1,6,29,Female,Nurse
D009,2025-01-05,306,451,10747,74,1,4,29,Female,Nurse
D009,2025-01-06,303,452,12814,,1,6,29,Female,Nurse
D009,2025-01-07,331,284,8995,78,0,3,29,Female,Nurse
D009,2025-01-08,257,431,14235,72,0,4,29,Female,Nurse
D009,2025-01-09,190,344,8140,72,0,4,29,Female,Nurse
D009,2025-01-10,278,372,10974,67,1,3,29,Female,Nurse
D009,2025-01-11,206,371,5125,73,0,5,29,Female,Nurse
D009,2025-01-12,305,387,9212,70,1,3,29,Female,Nurse
D009,2025-01-13,238,345,13321,69,1,4,29,Female,Nurse
D009,2025-01-14,169,250,9986,,1,9,29,Female,Nurse
D009,2025-01-15,260,479,7026,64,0,5,29,Female,Nurse
D009,2025-01-16,242,346,11387,73,1,5,29,Female,Nurse
D009,2025-01-17,233,286,13426,,1,5,29,Female,Nurse
D009,2025-01-18,251,316,11773,75,1,10,29,Female,Nurse
D009,2025-01-19,300,410,12967,73,1,7,29,Female,Nurse
D009,2025-01-20,358,383,9855,72,0,5,29,Female,Nurse
D009,2025-01-21,257,268,6948,,1,5,29,Female,Nurse
D009,2025-01-22,226,346,14074,73,1,10,29,Female,Nurse
D009,2025-01-23,384,437,6668,72,0,3,29,Female,Nurse
D009,2025-01-24,306,321,11643,72,1,3,29,Female,Nurse
D009,2025-01-25,249,,11160,77,1,10,29,Female,Nurse
D009,2025-01-26,294,363,6341,75,1,4,29,Female,Nurse
D009,2025-01-27,289,396,13844,,1,6,29,Female,Nurse
D009,2025-01-28,285,464,11640,72,1,6,29,Female,Nurse
D009,2025-01-29,245,435,4900,72,0,3,29,Female,Nurse
D009,2025-01-30,276,366,10348,79,1,8,29,Female,Nurse
D009,2025-01-31,342,413,8280,67,0,3,29,Female,Nurse
D009,2025-02-01,299,427,7960,71,0,5,29,Female,Nurse
D009,2025-02-02,175,274,12264,71,1,10,29,Female,Nurse
D009,2025-02-03,256,289,10512,75,0,3,29,Female,Nurse
D009,2025-02-04,286,497,11159,72,0,4,29,Female,Nurse
D010,2025-01-01,264,348,17377,84,1,4,36,Female,Nurse
D010,2025-01-02,286,427,16779,82,1,6,36,Female,Nurse
D010,2025-01-03,370,462,13660,81,0,3,36,Female,Nurse
D010,2025-01-04,307,458,13395,82,1,10,36,Female,Nurse
D010,2025-01-05,278,391,16411,82,1,7,36,Female,Nurse
D010,2025-01-06,282,299,13098,78,1,9,36,Female,Nurse
D010,2025-01-07,,486,15057,85,1,8,36,Female,Nurse
D010,2025-01-08,358,434,12290,78,0,6,36,Female,Nurse
D010,2025-01-09,366,503,11367,76,0,3,36,Female,Nurse
D010,2025-01-10,241,348,12486,86,1,4,36,Female,Nurse
D010,2025-01-11,214,343,10416,81,1,9,36,Female,Nurse
D010,2025-01-12,225,349,14196,79,1,10,36,Female,Nurse
D010,2025-01-13,328,443,11212,77,0,6,36,Female,Nurse
D010,2025-01-14,267,376,15659,86,1,9,36,Female,Nurse
D010,2025-01-15,295,,14104,75,1,5,36,Female,Nurse
D010,2025-01-16,290,388,17422,75,1,9,36,Female,Nurse
D010,2025-01-17,346,489,13181,76,0,6,36,Female,Nurse
D010,2025-01-18,159,447,17201,82,1,9,36,Female,Nurse
D010,2025-01-19,295,399,16146,79,1,5,36,Female,Nurse
D010,2025-01-20,207,410,16878,84,1,9,36,Female,Nurse
D010,2025-01-21,252,416,10101,74,0,3,36,Female,Nurse
D010,2025-01-22,332,531,11074,75,0,5,36,Female,Nurse
D010,2025-01-23,394,390,13516,80,0,3,36,Female,Nurse
D010,2025-01-24,205,376,14224,79,1,6,36,Female,Nurse
D010,2025-01-25,191,336,15997,85,1,9,36,Female,Nurse
D010,2025-01-26,372,407,14047,72,0,5,36,Female,Nurse
D010,2025-01-27,394,455,15860,78,1,7,36,Female,Nurse
D010,2025-01-28,286,376,15615,77,1,6,36,Female,Nurse
D010,2025-01-29,331,407,14615,78,1,7,36,Female,Nurse
D010,2025-01-30,273,393,10956,82,0,3,36,Female,Nurse
D010,2025-01-31,264,387,16725,78,1,7,36,Female,Nurse
D010,2025-02-01,277,296,15204,77,1,3,36,Female,Nurse
D010,2025-02-02,186,372,11374,84,1,7,36,Female,Nurse
D010,2025-02-03,,439,12323,86,1,3,36,Female,Nurse
D010,2025-02-04,246,351,16749,83,1,7,36,Female,Nurse
D011,2025-01-01,264,445,9453,81,1,10,24,Male,Nurse
D011,2025-01-02,262,483,13926,88,1,5,24,Male,Nurse
D011,2025-01-03,371,386,8958,79,1,4,24,Male,Nurse
D011,2025-01-04,239,468,11780,76,0,5,24,Male,Nurse
D011,2025-01-05,213,300,11173,79,1,7,24,Male,Nurse
D011,2025-01-06,237,454,12570,86,1,8,24,Male,Nurse
D011,2025-01-07,198,383,10184,83,1,6,24,Male,Nurse
D011,2025-01-08,217,493,8588,80,0,6,24,Male,Nurse
D011,2025-01-09,185,375,10016,83,1,3,24,Male,Nurse
D011,2025-01-10,380,543,8413,86,0,5,24,Male,Nurse
D011,2025-01-11,194,348,12922,78,1,8,24,Male,Nurse
D011,2025-01-12,346,483,9024,77,0,3,24,Male,Nurse
D011,2025-01-13,314,462,9254,84,1,5,24,Male,Nurse
D011,2025-01-14,327,474,10969,83,1,7,24,Male,Nurse
D011,2025-01-15,180,444,13488,80,1,3,24,Male,Nurse
D011,2025-01-16,237,434,,78,1,3,24,Male,Nurse
D011,2025-01-17,331,399,8478,79,0,5,24,Male,Nurse
D011,2025-01-18,216,402,10848,83,1,5,24,Male,Nurse
D011,2025-01-19,228,371,,82,1,4,24,Male,Nurse
D011,2025-01-20,234,483,11378,90,1,9,24,Male,Nurse
D011,2025-01-21,324,401,16174,79,1,6,24,Male,Nurse
D011,2025-01-22,230,473,12428,83,1,5,24,Male,Nurse
D011,2025-01-23,209,463,10320,83,1,3,24,Male,Nurse
D011,2025-01-24,175,408,7027,77,0,5,24,Male,Nurse
D011,2025-01-25,188,426,9238,86,1,5,24,Male,Nurse
D011,2025-01-26,291,434,9673,85,0,5,24,Male,Nurse
D011,2025-01-27,163,399,9079,84,1,9,24,Male,Nurse
D011,2025-01-28,259,419,9483,89,0,6,24,Male,Nurse
D011,2025-01-29,219,355,10749,81,1,5,24,Male,Nurse
D011,2025-01-30,217,469,11354,84,1,8,24,Male,Nurse
D011,2025-01-31,194,428,15484,83,1,3,24,Male,Nurse
D011,2025-02-01,287,392,8396,83,0,3,24,Male,Nurse
D011,2025-02-02,189,417,9766,79,1,9,24,Male,Nurse
D011,2025-02-03,219,472,9452,89,1,3,24,Male,Nurse
D011,2025-02-04,283,403,12844,81,0,5,24,Male,Nurse
D012,2025-01-01,266,489,13928,78,1,3,30,Male,Nurse
D012,2025-01-02,280,376,7625,78,1,3,30,Male,Nurse
D012,2025-01-03,230,420,11281,78,1,7,30,Male,Nurse
D012,2025-01-04,239,388,9214,,1,10,30,Male,Nurse
D012,2025-01-05,316,589,9872,78,1,8,30,Male,Nurse
D012,2025-01-06,331,555,8399,76,0,3,30,Male,Nurse
D012,2025-01-07,375,569,9793,73,1,4,30,Male,Nurse
D012,2025-01-08,250,459,8954,73,1,6,30,Male,Nurse
D012,2025-01-09,264,460,12521,72,1,10,30,Male,Nurse
D012,2025-01-10,307,456,11209,,1,7,30,Male,Nurse
D012,2025-01-11,258,368,8782,70,1,3,30,Male,Nurse
D012,2025-01-12,330,392,7618,,0,3,30,Male,Nurse
D012,2025-01-13,309,521,7199,75,0,5,30,Male,Nurse
D012,2025-01-14,212,478,9166,80,1,9,30,Male,Nurse
D012,2025-01-15,206,349,13031,83,1,6,30,Male,Nurse
D012,2025-01-16,267,320,10934,76,1,5,30,Male,Nurse
D012,2025-01-17,329,505,8007,78,1,4,30,Male,Nurse
D012,2025-01-18,295,472,7839,77,1,3,30,Male,Nurse
D012,2025-01-19,211,375,7403,82,1,9,30,Male,Nurse
D012,2025-01-20,218,475,9558,83,1,8,30,Male,Nurse
D012,2025-01-21,117,362,11100,79,1,7,30,Male,Nurse
D012,2025-01-22,207,405,8572,77,1,10,30,Male,Nurse
D012,2025-01-23,282,475,5731,83,1,10,30,Male,Nurse
D012,2025-01-24,305,529,6244,79,0,3,30,Male,Nurse
D012,2025-01-25,322,472,6784,77,0,4,30,Male,Nurse
D012,2025-01-26,245,398,10706,82,1,8,30,Male,Nurse
D012,2025-01-27,339,484,9422,72,0,4,30,Male,Nurse
D012,2025-01-28,271,,12765,75,1,10,30,Male,Nurse
D012,2025-01-29,235,405,10737,79,1,8,30,Male,Nurse
D012,2025-01-30,268,420,7298,69,0,3,30,Male,Nurse
D012,2025-01-31,314,408,11446,74,1,7,30,Male,Nurse
D012,2025-02-01,329,500,4643,75,0,5,30,Male,Nurse
D012,2025-02-02,241,445,12189,66,1,9,30,Male,Nurse
D012,2025-02-03,205,366,,77,1,10,30,Male,Nurse
D012,2025-02-04,168,424,9750,77,1,10,30,Male,Nurse
D013,2025-01-01,188,353,7446,74,0,4,24,Female,Physician
D013,2025-01-02,147,306,6041,70,1,8,24,Female,Physician
D013,2025-01-03,167,365,10771,70,1,9,24,Female,Physician
D013,2025-01-04,312,329,9263,75,0,4,24,Female,Physician
D013,2025-01-05,176,331,4620,73,1,7,24,Female,Physician
D013,2025-01-06,265,420,7250,75,0,4,24,Female,Physician
D013,2025-01-07,246,488,10275,83,1,6,24,Female,Physician
D013,2025-01-08,240,,7185,71,0,3,24,Female,Physician
D013,2025-01-09,,439,13810,75,1,10,24,Female,Physician
D013,2025-01-10,287,387,8265,78,1,6,24,Female,Physician
D013,2025-01-11,270,449,5088,74,0,6,24,Female,Physician
D013,2025-01-12,102,296,3910,81,0,4,24,Female,Physician
D013,2025-01-13,183,,3549,77,0,3,24,Female,Physician
D013,2025-01-14,257,356,9453,78,0,5,24,Female,Physician
D013,2025-01-15,210,416,9328,76,0,5,24,Female,Physician
D013,2025-01-16,186,318,9980,81,1,10,24,Female,Physician
D013,2025-01-17,201,401,6413,73,0,4,24,Female,Physician
D013,2025-01-18,157,358,10650,71,1,8,24,Female,Physician
D013,2025-01-19,229,388,6279,76,0,6,24,Female,Physician
D013,2025-01-20,148,351,3461,76,0,6,24,Female,Physician
D013,2025-01-21,209,327,12884,77,1,3,24,Female,Physician
D013,2025-01-22,212,,8848,76,0,5,24,Female,Physician
D013,2025-01-23,,354,,74,0,5,24,Female,Physician
D013,2025-01-24,204,390,5700,76,1,5,24,Female,Physician
D013,2025-01-25,277,323,8528,74,0,3,24,Female,Physician
D013,2025-01-26,186,303,8028,79,0,6,24,Female,Physician
D013,2025-01-27,,331,8111,75,1,5,24,Female,Physician
D013,2025-01-28,185,446,9622,82,1,5,24,Female,Physician
D013,2025-01-29,172,289,8246,83,1,6,24,Female,Physician
D013,2025-01-30,295,310,8193,78,1,3,24,Female,Physician
D013,2025-01-31,276,448,7103,80,0,5,24,Female,Physician
D013,2025-02-01,276,326,5674,77,0,6,24,Female,Physician
D013,2025-02-02,240,,8865,73,1,6,24,Female,Physician
D013,2025-02-03,227,371,4912,80,0,6,24,Female,Physician
D013,2025-02-04,179,326,9072,81,1,10,24,Female,Physician
D014,2025-01-01,195,316,10708,88,1,8,29,Female,Nurse
D014,2025-01-02,176,372,8465,84,1,7,29,Female,Nurse
D014,2025-01-03,190,349,5892,85,0,6,29,Female,Nurse
D014,2025-01-04,,345,8773,80,1,5,29,Female,Nurse
D014,2025-01-05,,372,6188,88,1,5,29,Female,Nurse
D014,2025-01-06,298,315,5789,93,0,3,29,Female,Nurse
D014,2025-01-07,147,,4790,85,1,9,29,Female,Nurse
D014,2025-01-08,243,305,5088,82,0,6,29,Female,Nurse
D014,2025-01-09,187,371,7387,89,1,9,29,Female,Nurse
D014,2025-01-10,193,295,5806,89,1,4,29,Female,Nurse
D014,2025-01-11,212,389,9704,88,1,7,29,Female,Nurse
D014,2025-01-12,135,352,6081,88,1,10,29,Female,Nurse
D014,2025-01-13,163,423,6219,83,1,7,29,Female,Nurse
D014,2025-01-14,334,492,6893,81,1,3,29,Female,Nurse
D014,2025-01-15,146,328,9367,86,1,9,29,Female,Nurse
D014,2025-01-16,179,275,4222,89,0,6,29,Female,Nurse
D014,2025-01-17,221,362,9740,82,1,5,29,Female,Nurse
D014,2025-01-18,200,433,3140,84,0,3,29,Female,Nurse
D014,2025-01-19,196,286,10673,86,1,4,29,Female,Nurse
D014,2025-01-20,154,346,4150,89,0,4,29,Female,Nurse
D014,2025-01-21,179,,2878,85,0,3,29,Female,Nurse
D014,2025-01-22,277,,9862,83,1,3,29,Female,Nurse
D014,2025-01-23,,321,6540,83,1,6,29,Female,Nurse
D014,2025-01-24,202,424,7039,87,1,4,29,Female,Nurse
D014,2025-01-25,300,385,8208,83,1,6,29,Female,Nurse
D014,2025-01-26,198,330,8348,85,0,5,29,Female,Nurse
D014,2025-01-27,163,,8351,80,1,9,29,Female,Nurse
D014,2025-01-28,186,,5916,,1,7,29,Female,Nurse
D014,2025-01-29,247,310,5222,81,0,4,29,Female,Nurse
D014,2025-01-30,302,463,1425,89,0,3,29,Female,Nurse
D014,2025-01-31,180,281,6621,86,1,7,29,Female,Nurse
D014,2025-02-01,241,266,8352,87,1,4,29,Female,Nurse
D014,2025-02-02,129,284,6790,82,1,8,29,Female,Nurse
D014,2025-02-03,215,280,9080,90,1,4,29,Female,Nurse
D014,2025-02-04,168,374,4350,94,1,8,29,Female,Nurse
D015,2025-01-01,287,250,8090,66,1,3,37,Female,Nurse
D015,2025-01-02,210,323,7592,69,0,5,37,Female,Nurse
D015,2025-01-03,265,307,6303,71,1,3,37,Female,Nurse
D015,2025-01-04,235,409,6277,67,0,5,37,Female,Nurse
D015,2025-01-05,275,416,8516,68,1,6,37,Female,Nurse
D015,2025-01-06,337,380,5230,63,0,6,37,Female,Nurse
D015,2025-01-07,213,,11508,67,1,6,37,Female,Nurse
D015,2025-01-08,314,326,4767,66,0,4,37,Female,Nurse
D015,2025-01-09,307,347,6778,69,0,6,37,Female,Nurse
D015,2025-01-10,268,,5618,63,1,9,37,Female,Nurse
D015,2025-01-11,324,333,6750,62,0,4,37,Female,Nurse
D015,2025-01-12,287,335,7198,69,1,6,37,Female,Nurse
D015,2025-01-13,348,427,7950,63,1,3,37,Female,Nurse
D015,2025-01-14,337,421,9917,,0,5,37,Female,Nurse
D015,2025-01-15,284,384,6557,60,0,3,37,Female,Nurse
D015,2025-01-16,293,383,8255,66,1,8,37,Female,Nurse
D015,2025-01-17,208,308,8983,,1,10,37,Female,Nurse
D015,2025-01-18,250,347,5451,66,1,5,37,Female,Nurse
D015,2025-01-19,298,352,10584,64,1,3,37,Female,Nurse
D015,2025-01-20,215,327,10532,69,1,10,37,Female,Nurse
D015,2025-01-21,238,312,7244,65,1,4,37,Female,Nurse
D015,2025-01-22,,336,8281,63,1,3,37,Female,Nurse
D015,2025-01-23,289,357,5257,69,0,3,37,Female,Nurse
D015,2025-01-24,424,382,4327,66,0,3,37,Female,Nurse
D015,2025-01-25,286,306,6020,,1,8,37,Female,Nurse
D015,2025-01-26,256,379,9003,67,1,10,37,Female,Nurse
D015,2025-01-27,228,418,11858,70,1,7,37,Female,Nurse
D015,2025-01-28,195,315,11106,66,1,9,37,Female,Nurse
D015,2025-01-29,200,293,9412,72,1,8,37,Female,Nurse
D015,2025-01-30,228,404,6941,65,1,7,37,Female,Nurse
D015,2025-01-31,286,394,3907,79,0,6,37,Female,Nurse
D015,2025-02-01,208,282,6334,63,0,6,37,Female,Nurse
D015,2025-02-02,301,369,6781,69,1,9,37,Female,Nurse
D015,2025-02-03,231,275,5705,68,1,9,37,Female,Nurse
D015,2025-02-04,264,327,5920,69,0,3,37,Female,Nurse
D016,2025-01-01,213,363,5455,76,1,7,22,Female,Nurse
D016,2025-01-02,174,354,10740,76,0,5,22,Female,Nurse
D016,2025-01-03,170,374,4966,69,1,7,22,Female,Nurse
D016,2025-01-04,333,510,9129,75,0,6,22,Female,Nurse
D016,2025-01-05,333,410,7291,76,0,3,22,Female,Nurse
D016,2025-01-06,216,488,5222,85,0,5,22,Female,Nurse
D016,2025-01-07,228,,12863,78,1,10,22,Female,Nurse
D016,2025-01-08,219,436,11277,75,1,7,22,Female,Nurse
D016,2025-01-09,248,,3765,72,0,6,22,Female,Nurse
D016,2025-01-10,204,359,9297,73,0,3,22,Female,Nurse
D016,2025-01-11,261,298,8531,74,0,5,22,Female,Nurse
D016,2025-01-12,279,344,7981,68,0,4,22,Female,Nurse
D016,2025-01-13,170,289,6190,76,1,6,22,Female,Nurse
D016,2025-01-14,235,346,7740,65,1,7,22,Female,Nurse
D016,2025-01-15,234,452,7001,74,1,7,22,Female,Nurse
D016,2025-01-16,195,311,11391,72,1,4,22,Female,Nurse
D016,2025-01-17,267,370,8484,71,0,5,22,Female,Nurse
D016,2025-01-18,324,474,9312,70,1,3,22,Female,Nurse
D016,2025-01-19,238,356,9921,82,1,5,22,Female,Nurse
D016,2025-01-20,269,277,8829,75,1,3,22,Female,Nurse
D016,2025-01-21,239,495,3450,75,0,3,22,Female,Nurse
D016,2025-01-22,250,333,8636,76,1,5,22,Female,Nurse
D016,2025-01-23,268,379,6606,72,1,5,22,Female,Nurse
D016,2025-01-24,240,364,5350,74,1,7,22,Female,Nurse
D016,2025-01-25,301,378,9318,64,1,4,22,Female,Nurse
D016,2025-01-26,216,384,5770,70,0,6,22,Female,Nurse
D016,2025-01-27,266,250,,69,1,8,22,Female,Nurse
D016,2025-01-28,229,385,7050,73,1,9,22,Female,Nurse
D016,2025-01-29,292,404,8890,67,0,5,22,Female,Nurse
D016,2025-01-30,244,333,6341,69,1,3,22,Female,Nurse
D016,2025-01-31,305,429,7399,67,1,6,22,Female,Nurse
D016,2025-02-01,240,400,6918,78,1,9,22,Female,Nurse
D016,2025-02-02,326,,7756,,0,6,22,Female,Nurse
D016,2025-02-03,284,317,5657,65,0,6,22,Female,Nurse
D016,2025-02-04,258,499,7938,66,0,5,22,Female,Nurse
D017,2025-01-01,205,433,7196,72,0,3,34,Male,Nurse
D017,2025-01-02,270,,5247,75,1,5,34,Male,Nurse
D017,2025-01-03,209,491,,76,0,5,34,Male,Nurse
D017,2025-01-04,180,,4965,75,1,6,34,Male,Nurse
D017,2025-01-05,202,403,5783,76,0,6,34,Male,Nurse
D017,2025-01-06,267,361,10341,74,1,4,34,Male,Nurse
D017,2025-01-07,77,356,4482,75,1,10,34,Male,Nurse
D017,2025-01-08,272,350,6503,72,0,4,34,Male,Nurse
D017,2025-01-09,203,341,,76,1,8,34,Male,Nurse
D017,2025-01-10,148,449,8395,70,1,8,34,Male,Nurse
D017,2025-01-11,181,389,6780,76,1,7,34,Male,Nurse
D017,2025-01-12,204,447,7253,76,1,9,34,Male,Nurse
D017,2025-01-13,103,413,4181,78,1,5,34,Male,Nurse
D017,2025-01-14,229,433,1000,74,0,5,34,Male,Nurse
D017,2025-01-15,143,359,7404,79,1,9,34,Male,Nurse
D017,2025-01-16,211,467,2500,78,0,6,34,Male,Nurse
D017,2025-01-17,202,406,8028,82,1,5,34,Male,Nurse
D017,2025-01-18,222,417,4640,,1,6,34,Male,Nurse
D017,2025-01-19,279,440,6949,76,0,6,34,Male,Nurse
D017,2025-01-20,176,387,,76,1,10,34,Male,Nurse
D017,2025-01-21,140,377,7342,81,1,5,34,Male,Nurse
D017,2025-01-22,156,390,7032,72,1,6,34,Male,Nurse
D017,2025-01-23,124,506,5685,81,1,6,34,Male,Nurse
D017,2025-01-24,309,464,1682,77,0,4,34,Male,Nurse
D017,2025-01-25,181,402,5847,67,0,5,34,Male,Nurse
D017,2025-01-26,,414,3976,71,1,10,34,Male,Nurse
D017,2025-01-27,235,,6053,71,0,3,34,Male,Nurse
D017,2025-01-28,161,384,4537,76,1,8,34,Male,Nurse
D017,2025-01-29,180,349,6770,70,1,5,34,Male,Nurse
D017,2025-01-30,201,570,6064,82,0,5,34,Male,Nurse
D017,2025-01-31,263,,3134,76,0,4,34,Male,Nurse
D017,2025-02-01,138,345,4205,75,1,4,34,Male,Nurse
D017,2025-02-02,252,358,3792,72,1,4,34,Male,Nurse
D017,2025-02-03,221,356,6349,76,1,4,34,Male,Nurse
D017,2025-02-04,237,440,5537,77,1,7,34,Male,Nurse
D018,2025-01-01,252,368,13473,72,1,3,33,Female,Nurse
D018,2025-01-02,225,350,9761,75,1,5,33,Female,Nurse
D018,2025-01-03,192,382,9529,64,1,7,33,Female,Nurse
D018,2025-01-04,219,357,11852,71,1,4,33,Female,Nurse
D018,2025-01-05,192,389,10428,67,1,3,33,Female,Nurse
D018,2025-01-06,226,414,10984,70,1,10,33,Female,Nurse
D018,2025-01-07,240,370,10267,79,1,9,33,Female,Nurse
D018,2025-01-08,136,345,,71,1,4,33,Female,Nurse
D018,2025-01-09,267,387,11446,70,1,6,33,Female,Nurse
D018,2025-01-10,251,502,5502,64,0,4,33,Female,Nurse
D018,2025-01-11,374,467,3576,66,0,5,33,Female,Nurse
D018,2025-01-12,319,419,11734,69,1,3,33,Female,Nurse
D018,2025-01-13,250,409,4450,70,0,5,33,Female,Nurse
D018,2025-01-14,306,378,9834,63,1,6,33,Female,Nurse
D018,2025-01-15,233,324,8836,70,1,7,33,Female,Nurse
D018,2025-01-16,172,375,9332,67,1,4,33,Female,Nurse
D018,2025-01-17,308,346,5757,72,0,5,33,Female,Nurse
D018,2025-01-18,308,345,6493,72,1,4,33,Female,Nurse
D018,2025-01-19,213,401,9166,66,1,7,33,Female,Nurse
D018,2025-01-20,240,319,8456,66,1,7,33,Female,Nurse
D018,2025-01-21,263,352,10063,77,1,4,33,Female,Nurse
D018,2025-01-22,356,445,4399,66,0,4,33,Female,Nurse
D018,2025-01-23,251,339,8682,70,1,7,33,Female,Nurse
D018,2025-01-24,212,447,10877,72,0,5,33,Female,Nurse
D018,2025-01-25,214,388,7174,73,0,6,33,Female,Nurse
D018,2025-01-26,289,439,7429,75,0,3,33,Female,Nurse
D018,2025-01-27,265,395,8167,68,1,7,33,Female,Nurse
D018,2025-01-28,271,340,7260,70,0,3,33,Female,Nurse
D018,2025-01-29,236,322,12342,78,1,6,33,Female,Nurse
D018,2025-01-30,240,350,13682,69,1,4,33,Female,Nurse
D018,2025-01-31,222,347,10688,69,1,7,33,Female,Nurse
D018,2025-02-01,244,476,10652,75,1,3,33,Female,Nurse
D018,2025-02-02,243,462,14416,73,1,7,33,Female,Nurse
D018,2025-02-03,227,434,10433,72,1,10,33,Female,Nurse
D018,2025-02-04,266,454,6981,60,0,6,33,Female,Nurse
D019,2025-01-01,269,269,14948,79,1,5,27,Female,Nurse
D019,2025-01-02,329,312,8122,79,0,4,27,Female,Nurse
D019,2025-01-03,311,441,8376,75,0,3,27,Female,Nurse
D019,2025-01-04,264,276,7133,80,1,7,27,Female,Nurse
D019,2025-01-05,231,286,14450,76,1,3,27,Female,Nurse
D019,2025-01-06,180,321,13172,76,1,3,27,Female,Nurse
D019,2025-01-07,350,389,10081,80,0,5,27,Female,Nurse
D019,2025-01-08,269,282,12335,74,1,6,27,Female,Nurse
D019,2025-01-09,250,384,6789,80,1,5,27,Female,Nurse
D019,2025-01-10,240,,11093,81,1,8,27,Female,Nurse
D019,2025-01-11,194,342,10927,83,1,9,27,Female,Nurse
D019,2025-01-12,221,383,6105,85,1,8,27,Female,Nurse
D019,2025-01-13,292,504,7657,81,0,5,27,Female,Nurse
D019,2025-01-14,264,309,9362,83,1,9,27,Female,Nurse
D019,2025-01-15,169,323,7607,,1,4,27,Female,Nurse
D019,2025-01-16,198,349,13133,77,1,7,27,Female,Nurse
D019,2025-01-17,280,,,82,1,3,27,Female,Nurse
D019,2025-01-18,312,388,7750,84,0,3,27,Female,Nurse
D019,2025-01-19,227,352,9210,75,1,6,27,Female,Nurse
D019,2025-01-20,212,445,11822,81,1,6,27,Female,Nurse
D019,2025-01-21,322,399,5259,,0,3,27,Female,Nurse
D019,2025-01-22,255,353,4454,73,1,6,27,Female,Nurse
D019,2025-01-23,256,322,10771,78,1,4,27,Female,Nurse
D019,2025-01-24,205,315,,74,1,10,27,Female,Nurse
D019,2025-01-25,236,452,11156,73,1,8,27,Female,Nurse
D019,2025-01-26,268,403,10564,86,1,7,27,Female,Nurse
D019,2025-01-27,270,440,6937,79,1,9,27,Female,Nurse
D019,2025-01-28,219,339,8770,80,0,5,27,Female,Nurse
D019,2025-01-29,244,391,11487,84,1,5,27,Female,Nurse
D019,2025-01-30,237,386,8822,74,0,4,27,Female,Nurse
D019,2025-01-31,333,318,6066,78,0,3,27,Female,Nurse
D019,2025-02-01,333,428,6696,80,0,4,27,Female,Nurse
D019,2025-02-02,189,254,13745,82,1,9,27,Female,Nurse
D019,2025-02-03,277,381,10176,84,0,5,27,Female,Nurse
D019,2025-02-04,219,315,11506,,1,8,27,Female,Nurse
D020,2025-01-01,233,364,11766,89,1,3,22,Female,Nurse
D020,2025-01-02,319,474,6749,82,0,5,22,Female,Nurse
D020,2025-01-03,250,358,11749,82,1,5,22,Female,Nurse
D020,2025-01-04,235,474,10618,77,1,10,22,Female,Nurse
D020,2025-01-05,300,521,8623,85,1,3,22,Female,Nurse
D020,2025-01-06,184,396,7796,85,0,5,22,Female,Nurse
D020,2025-01-07,278,418,15196,83,1,3,22,Female,Nurse
D020,2025-01-08,231,403,,89,0,4,22,Female,Nurse
D020,2025-01-09,256,452,9819,81,1,5,22,Female,Nurse
D020,2025-01-10,248,489,12406,82,0,5,22,Female,Nurse
D020,2025-01-11,236,414,15561,85,1,8,22,Female,Nurse
D020,2025-01-12,235,434,12648,,1,6,22,Female,Nurse
D020,2025-01-13,272,510,9894,75,0,4,22,Female,Nurse
D020,2025-01-14,241,347,15135,80,1,3,22,Female,Nurse
D020,2025-01-15,206,402,11969,83,1,8,22,Female,Nurse
D020,2025-01-16,302,420,9783,84,0,6,22,Female,Nurse
D020,2025-01-17,189,413,15900,84,1,6,22,Female,Nurse
D020,2025-01-18,272,462,11951,87,1,9,22,Female,Nurse
D020,2025-01-19,190,434,15341,82,1,8,22,Female,Nurse
D020,2025-01-20,306,501,8850,82,1,7,22,Female,Nurse
D020,2025-01-21,305,445,14567,79,1,4,22,Female,Nurse
D020,2025-01-22,245,448,10000,81,0,3,22,Female,Nurse
D020,2025-01-23,274,483,10803,77,1,3,22,Female,Nurse
D020,2025-01-24,215,398,9316,83,1,7,22,Female,Nurse
D020,2025-01-25,183,375,12198,80,1,7,22,Female,Nurse
D020,2025-01-26,304,504,7415,80,0,4,22,Female,Nurse
D020,2025-01-27,129,340,13581,81,1,8,22,Female,Nurse
D020,2025-01-28,253,519,9834,87,0,5,22,Female,Nurse
D020,2025-01-29,205,310,14784,84,1,3,22,Female,Nurse
D020,2025-01-30,230,405,9834,88,1,5,22,Female,Nurse
D020,2025-01-31,195,386,13022,78,1,5,22,Female,Nurse
D020,2025-02-01,319,496,7312,82,0,6,22,Female,Nurse
D020,2025-02-02,221,518,10431,79,1,3,22,Female,Nurse
D020,2025-02-03,240,383,13704,85,1,9,22,Female,Nurse
D020,2025-02-04,156,290,9581,80,1,10,22,Female,Nurse
D021,2025-01-01,269,257,9444,78,1,6,32,Female,Nurse
D021,2025-01-02,196,379,12217,77,1,4,32,Female,Nurse
D021,2025-01-03,240,354,10307,80,1,5,32,Female,Nurse
D021,2025-01-04,277,314,6341,71,0,4,32,Female,Nurse
D021,2025-01-05,292,410,5659,84,0,5,32,Female,Nurse
D021,2025-01-06,223,382,10460,,1,8,32,Female,Nurse
D021,2025-01-07,236,369,9534,87,1,7,32,Female,Nurse
D021,2025-01-08,311,405,11258,77,0,5,32,Female,Nurse
D021,2025-01-09,216,291,9675,79,0,3,32,Female,Nurse
D021,2025-01-10,255,398,9387,77,0,5,32,Female,Nurse
D021,2025-01-11,306,385,10396,78,1,3,32,Female,Nurse
D021,2025-01-12,343,395,7894,75,0,4,32,Female,Nurse
D021,2025-01-13,266,377,11641,77,1,5,32,Female,Nurse
D021,2025-01-14,259,428,6785,80,0,4,32,Female,Nurse
D021,2025-01-15,196,336,10877,81,1,8,32,Female,Nurse
D021,2025-01-16,233,410,11693,81,1,3,32,Female,Nurse
D021,2025-01-17,302,250,12872,78,1,3,32,Female,Nurse
D021,2025-01-18,101,320,6713,84,1,8,32,Female,Nurse
D021,2025-01-19,253,331,4803,74,0,5,32,Female,Nurse
D021,2025-01-20,283,368,4018,77,0,3,32,Female,Nurse
D021,2025-01-21,232,363,8938,80,0,5,32,Female,Nurse
D021,2025-01-22,,347,9158,77,0,6,32,Female,Nurse
D021,2025-01-23,239,,8817,85,0,5,32,Female,Nurse
D021,2025-01-24,275,282,11680,76,0,4,32,Female,Nurse
D021,2025-01-25,142,327,13970,82,1,9,32,Female,Nurse
D021,2025-01-26,181,327,13326,77,1,10,32,Female,Nurse
D021,2025-01-27,212,366,11175,69,1,9,32,Female,Nurse
D021,2025-01-28,235,364,8291,80,0,6,32,Female,Nurse
D021,2025-01-29,172,,17804,74,1,9,32,Female,Nurse
D021,2025-01-30,101,250,10879,80,1,5,32,Female,Nurse
D021,2025-01-31,209,378,6888,85,1,9,32,Female,Nurse
D021,2025-02-01,286,390,6807,76,1,4,32,Female,Nurse
D021,2025-02-02,295,439,10835,73,0,3,32,Female,Nurse
D021,2025-02-03,300,510,9554,75,0,4,32,Female,Nurse
D021,2025-02-04,281,468,8077,79,0,3,32,Female,Nurse
D022,2025-01-01,273,374,,82,0,6,27,Female,Nurse
D022,2025-01-02,234,384,18094,78,1,9,27,Female,Nurse
D022,2025-01-03,195,549,15521,77,1,9,27,Female,Nurse
D022,2025-01-04,285,520,11885,75,0,4,27,Female,Nurse
D022,2025-01-05,271,484,13829,76,0,5,27,Female,Nurse
D022,2025-01-06,264,448,15821,77,1,5,27,Female,Nurse
D022,2025-01-07,291,477,20000,72,1,4,27,Female,Nurse
D022,2025-01-08,255,379,14684,73,1,5,27,Female,Nurse
D022,2025-01-09,225,408,15044,82,1,9,27,Female,Nurse
D022,2025-01-10,164,455,14989,82,1,4,27,Female,Nurse
D022,2025-01-11,290,502,12522,83,0,4,27,Female,Nurse
D022,2025-01-12,255,,13733,82,1,10,27,Female,Nurse
D022,2025-01-13,306,594,12960,80,0,4,27,Female,Nurse
D022,2025-01-14,274,529,15117,77,0,6,27,Female,Nurse
D022,2025-01-15,344,479,16914,,0,3,27,Female,Nurse
D022,2025-01-16,278,410,17680,81,1,9,27,Female,Nurse
D022,2025-01-17,224,427,,84,1,6,27,Female,Nurse
D022,2025-01-18,200,376,16646,81,1,6,27,Female,Nurse
D022,2025-01-19,195,441,15197,78,1,8,27,Female,Nurse
D022,2025-01-20,327,573,12420,76,1,7,27,Female,Nurse
D022,2025-01-21,209,453,13547,72,1,6,27,Female,Nurse
D022,2025-01-22,328,501,13109,71,0,3,27,Female,Nurse
D022,2025-01-23,152,324,16925,88,1,3,27,Female,Nurse
D022,2025-01-24,287,359,13508,73,0,3,27,Female,Nurse
D022,2025-01-25,295,436,9483,84,0,4,27,Female,Nurse
D022,2025-01-26,190,419,15336,80,1,9,27,Female,Nurse
D022,2025-01-27,206,424,14200,73,1,7,27,Female,Nurse
D022,2025-01-28,223,,,76,1,9,27,Female,Nurse
D022,2025-01-29,155,307,17098,74,1,5,27,Female,Nurse
D022,2025-01-30,318,513,,76,1,5,27,Female,Nurse
D022,2025-01-31,236,,10362,77,0,6,27,Female,Nurse
D022,2025-02-01,211,466,15173,80,1,8,27,Female,Nurse
D022,2025-02-02,260,419,11311,73,1,5,27,Female,Nurse
D022,2025-02-03,280,,16950,83,1,10,27,Female,Nurse
D022,2025-02-04,330,389,14403,80,1,3,27,Female,Nurse
D023,2025-01-01,386,428,7732,61,1,3,33,Female,Nurse
D023,2025-01-02,328,417,9498,66,1,6,33,Female,Nurse
D023,2025-01-03,235,335,8422,70,1,6,33,Female,Nurse
D023,2025-01-04,277,365,3196,67,0,4,33,Female,Nurse
D023,2025-01-05,198,496,6113,66,1,4,33,Female,Nurse
D023,2025-01-06,206,359,2561,75,0,6,33,Female,Nurse
D023,2025-01-07,276,312,7343,71,1,4,33,Female,Nurse
D023,2025-01-08,313,415,4866,72,0,4,33,Female,Nurse
D023,2025-01-09,262,403,10961,67,0,5,33,Female,Nurse
D023,2025-01-10,273,407,11275,64,1,6,33,Female,Nurse
D023,2025-01-11,292,438,10158,63,1,8,33,Female,Nurse
D023,2025-01-12,244,440,5116,69,0,3,33,Female,Nurse
D023,2025-01-13,335,382,5751,71,1,8,33,Female,Nurse
D023,2025-01-14,211,416,7677,64,0,6,33,Female,Nurse
D023,2025-01-15,314,348,6317,74,1,10,33,Female,Nurse
D023,2025-01-16,239,361,7754,68,0,6,33,Female,Nurse
D023,2025-01-17,397,448,7054,71,0,3,33,Female,Nurse
D023,2025-01-18,158,317,11845,67,1,5,33,Female,Nurse
D023,2025-01-19,277,420,7441,68,0,3,33,Female,Nurse
D023,2025-01-20,320,512,,61,0,3,33,Female,Nurse
D023,2025-01-21,334,410,7447,67,0,6,33,Female,Nurse
D023,2025-01-22,310,372,7941,64,1,4,33,Female,Nurse
D023,2025-01-23,195,348,10749,72,1,8,33,Female,Nurse
D023,2025-01-24,300,468,4055,68,0,4,33,Female,Nurse
D023,2025-01-25,273,401,5514,67,0,4,33,Female,Nurse
D023,2025-01-26,258,482,7736,62,1,4,33,Female,Nurse
D023,2025-01-27,323,,8007,73,1,4,33,Female,Nurse
D023,2025-01-28,249,483,8611,71,1,6,33,Female,Nurse
D023,2025-01-29,236,434,5527,65,1,8,33,Female,Nurse
D023,2025-01-30,285,382,5694,70,0,4,33,Female,Nurse
D023,2025-01-31,186,403,3617,70,1,9,33,Female,Nurse
D023,2025-02-01,145,436,3338,73,1,9,33,Female,Nurse
D023,2025-02-02,180,312,10792,66,1,9,33,Female,Nurse
D023,2025-02-03,312,352,5561,66,1,6,33,Female,Nurse
D023,2025-02-04,381,469,,70,1,5,33,Female,Nurse
D024,2025-01-01,93,354,13751,83,1,10,31,Female,Nurse
D024,2025-01-02,248,283,6821,85,0,6,31,Female,Nurse
D024,2025-01-03,69,379,10404,84,1,8,31,Female,Nurse
D024,2025-01-04,104,250,10711,84,1,8,31,Female,Nurse
D024,2025-01-05,116,279,7709,,1,10,31,Female,Nurse
D024,2025-01-06,145,379,5580,90,0,6,31,Female,Nurse
D024,2025-01-07,172,421,5528,83,0,3,31,Female,Nurse
D024,2025-01-08,190,304,,88,1,6,31,Female,Nurse
D024,2025-01-09,156,330,8423,87,1,10,31,Female,Nurse
D024,2025-01-10,216,302,7908,87,1,7,31,Female,Nurse
D024,2025-01-11,177,294,10804,84,1,3,31,Female,Nurse
D024,2025-01-12,201,309,12447,86,1,9,31,Female,Nurse
D024,2025-01-13,62,250,9478,84,1,9,31,Female,Nurse
D024,2025-01-14,144,420,10037,78,1,7,31,Female,Nurse
D024,2025-01-15,229,462,,73,0,3,31,Female,Nurse
D024,2025-01-16,163,405,11999,81,1,4,31,Female,Nurse
D024,2025-01-17,186,408,10626,88,1,7,31,Female,Nurse
D024,2025-01-18,224,357,10246,85,1,3,31,Female,Nurse
D024,2025-01-19,167,333,10596,83,0,5,31,Female,Nurse
D024,2025-01-20,201,287,10161,87,1,4,31,Female,Nurse
D024,2025-01-21,303,400,7548,82,0,5,31,Female,Nurse
D024,2025-01-22,176,397,7925,76,0,5,31,Female,Nurse
D024,2025-01-23,248,293,9332,81,1,3,31,Female,Nurse
D024,2025-01-24,241,328,7227,79,0,3,31,Female,Nurse
D024,2025-01-25,207,321,,84,1,6,31,Female,Nurse
D024,2025-01-26,178,,13065,86,1,5,31,Female,Nurse
D024,2025-01-27,191,323,8252,83,0,3,31,Female,Nurse
D024,2025-01-28,200,250,7353,83,1,4,31,Female,Nurse
D024,2025-01-29,174,357,10338,87,1,7,31,Female,Nurse
D024,2025-01-30,154,307,9204,,1,6,31,Female,Nurse
D024,2025-01-31,160,310,9177,87,1,10,31,Female,Nurse
D024,2025-02-01,156,321,9810,81,1,6,31,Female,Nurse
D024,2025-02-02,99,316,8430,85,1,9,31,Female,Nurse
D024,2025-02-03,162,323,6048,,1,6,31,Female,Nurse
D024,2025-02-04,84,303,7143,90,1,7,31,Female,Nurse
D025,2025-01-01,149,344,10719,80,1,10,42,Female,Nurse
D025,2025-01-02,100,371,11206,86,1,5,42,Female,Nurse
D025,2025-01-03,153,391,7547,82,0,6,42,Female,Nurse
D025,2025-01-04,165,409,7405,,1,3,42,Female,Nurse
D025,2025-01-05,113,310,10229,83,1,7,42,Female,Nurse
D025,2025-01-06,130,336,10054,80,1,3,42,Female,Nurse
D025,2025-01-07,162,397,,80,1,6,42,Female,Nurse
D025,2025-01-08,225,408,7464,,0,4,42,Female,Nurse
D025,2025-01-09,188,391,6615,77,0,4,42,Female,Nurse
D025,2025-01-10,164,278,12166,75,1,7,42,Female,Nurse
D025,2025-01-11,261,,9889,86,1,4,42,Female,Nurse
D025,2025-01-12,127,329,9780,78,1,3,42,Female,Nurse
D025,2025-01-13,198,432,5259,75,0,4,42,Female,Nurse
D025,2025-01-14,209,466,11639,76,1,7,42,Female,Nurse
D025,2025-01-15,162,414,7973,80,1,4,42,Female,Nurse
D025,2025-01-16,205,,7971,78,1,3,42,Female,Nurse
D025,2025-01-17,189,499,4948,79,0,4,42,Female,Nurse
D025,2025-01-18,131,452,12982,77,1,8,42,Female,Nurse
D025,2025-01-19,251,380,8412,82,0,5,42,Female,Nurse
D025,2025-01-20,67,394,5265,87,1,9,42,Female,Nurse
D025,2025-01-21,242,363,9635,81,1,4,42,Female,Nurse
D025,2025-01-22,170,349,4852,85,0,6,42,Female,Nurse
D025,2025-01-23,170,387,9316,81,0,6,42,Female,Nurse
D025,2025-01-24,249,365,11438,84,1,4,42,Female,Nurse
D025,2025-01-25,221,348,9702,78,1,4,42,Female,Nurse
D025,2025-01-26,67,292,11503,80,1,5,42,Female,Nurse
D025,2025-01-27,164,362,7654,83,0,5,42,Female,Nurse
D025,2025-01-28,207,384,5431,71,0,3,42,Female,Nurse
D025,2025-01-29,158,348,11145,85,1,6,42,Female,Nurse
D025,2025-01-30,216,488,,82,0,6,42,Female,Nurse
D025,2025-01-31,185,464,6193,80,0,4,42,Female,Nurse
D025,2025-02-01,161,383,10460,79,1,4,42,Female,Nurse
D025,2025-02-02,37,314,15523,85,1,7,42,Female,Nurse
D025,2025-02-03,171,328,7342,75,0,3,42,Female,Nurse
D025,2025-02-04,91,388,9219,88,1,10,42,Female,Nurse
D026,2025-01-01,312,,12045,71,0,6,29,Female,Nurse
D026,2025-01-02,342,502,15320,69,1,5,29,Female,Nurse
D026,2025-01-03,316,472,6604,76,0,3,29,Female,Nurse
D026,2025-01-04,218,400,10093,71,1,10,29,Female,Nurse
D026,2025-01-05,241,317,9885,73,1,3,29,Female,Nurse
D026,2025-01-06,174,354,10313,74,1,6,29,Female,Nurse
D026,2025-01-07,270,399,8096,66,0,3,29,Female,Nurse
D026,2025-01-08,240,371,11418,70,1,8,29,Female,Nurse
D026,2025-01-09,,481,6588,68,0,3,29,Female,Nurse
D026,2025-01-10,268,423,7161,67,0,5,29,Female,Nurse
D026,2025-01-11,174,357,7426,75,1,9,29,Female,Nurse
D026,2025-01-12,,417,10810,73,1,5,29,Female,Nurse
D026,2025-01-13,313,400,3442,74,0,5,29,Female,Nurse
D026,2025-01-14,307,488,10934,80,0,4,29,Female,Nurse
D026,2025-01-15,155,409,9649,74,1,6,29,Female,Nurse
D026,2025-01-16,201,434,8895,80,0,5,29,Female,Nurse
D026,2025-01-17,247,458,11028,76,0,3,29,Female,Nurse
D026,2025-01-18,264,440,14725,70,1,5,29,Female,Nurse
D026,2025-01-19,243,433,7945,70,1,5,29,Female,Nurse
D026,2025-01-20,180,396,10468,74,1,6,29,Female,Nurse
D026,2025-01-21,266,331,8433,71,1,5,29,Female,Nurse
D026,2025-01-22,250,324,9658,71,1,3,29,Female,Nurse
D026,2025-01-23,250,375,13644,74,1,6,29,Female,Nurse
D026,2025-01-24,268,413,9581,78,0,4,29,Female,Nurse
D026,2025-01-25,225,401,14089,72,1,3,29,Female,Nurse
D026,2025-01-26,223,401,10309,75,0,3,29,Female,Nurse
D026,2025-01-27,281,419,11650,77,1,4,29,Female,Nurse
D026,2025-01-28,274,475,12215,82,0,5,29,Female,Nurse
D026,2025-01-29,274,,8878,80,1,7,29,Female,Nurse
D026,2025-01-30,174,292,10204,79,1,8,29,Female,Nurse
D026,2025-01-31,274,286,11689,75,1,5,29,Female,Nurse
D026,2025-02-01,192,404,12319,73,1,9,29,Female,Nurse
D026,2025-02-02,273,354,6686,76,1,5,29,Female,Nurse
D026,2025-02-03,276,444,7517,70,0,5,29,Female,Nurse
D026,2025-02-04,179,403,11313,,1,8,29,Female,Nurse
D027,2025-01-01,229,435,7000,70,0,3,24,Male,Nurse
D027,2025-01-02,225,433,8337,75,0,6,24,Male,Nurse
D027,2025-01-03,285,396,11827,76,1,6,24,Male,Nurse
D027,2025-01-04,282,501,8098,75,0,3,24,Male,Nurse
D027,2025-01-05,200,473,13557,81,1,6,24,Male,Nurse
D027,2025-01-06,209,431,13153,76,1,5,24,Male,Nurse
D027,2025-01-07,98,438,12647,79,1,8,24,Male,Nurse
D027,2025-01-08,167,,11847,83,1,7,24,Male,Nurse
D027,2025-01-09,195,454,12763,76,1,5,24,Male,Nurse
D027,2025-01-10,186,421,11663,73,0,4,24,Male,Nurse
D027,2025-01-11,101,366,11063,78,1,9,24,Male,Nurse
D027,2025-01-12,277,495,11283,73,0,4,24,Male,Nurse
D027,2025-01-13,214,416,10188,76,0,4,24,Male,Nurse
D027,2025-01-14,186,334,11783,78,1,4,24,Male,Nurse
D027,2025-01-15,142,410,10869,79,1,8,24,Male,Nurse
D027,2025-01-16,242,478,10130,82,1,9,24,Male,Nurse
D027,2025-01-17,134,556,9463,78,0,6,24,Male,Nurse
D027,2025-01-18,172,382,11039,73,0,4,24,Male,Nurse
D027,2025-01-19,263,449,10325,73,0,3,24,Male,Nurse
D027,2025-01-20,218,520,12589,77,0,4,24,Male,Nurse
D027,2025-01-21,153,386,13955,81,1,10,24,Male,Nurse
D027,2025-01-22,205,399,8802,76,0,4,24,Male,Nurse
D027,2025-01-23,159,395,15348,79,1,7,24,Male,Nurse
D027,2025-01-24,184,478,16507,77,1,5,24,Male,Nurse
D027,2025-01-25,168,,12061,77,1,4,24,Male,Nurse
D027,2025-01-26,223,452,9135,73,0,4,24,Male,Nurse
D027,2025-01-27,209,544,10142,75,0,4,24,Male,Nurse
D027,2025-01-28,240,404,6968,79,1,5,24,Male,Nurse
D027,2025-01-29,287,457,11604,76,1,6,24,Male,Nurse
D027,2025-01-30,146,446,13040,76,0,6,24,Male,Nurse
D027,2025-01-31,235,456,12168,71,1,5,24,Male,Nurse
D027,2025-02-01,204,454,15616,77,1,8,24,Male,Nurse
D027,2025-02-02,228,463,9306,72,0,3,24,Male,Nurse
D027,2025-02-03,220,417,12774,81,1,5,24,Male,Nurse
D027,2025-02-04,212,488,7064,72,0,3,24,Male,Nurse
D028,2025-01-01,212,346,7108,72,0,4,32,Female,Nurse
D028,2025-01-02,276,314,6417,74,0,6,32,Female,Nurse
D028,2025-01-03,203,330,11480,83,1,10,32,Female,Nurse
D028,2025-01-04,200,322,1000,71,0,4,32,Female,Nurse
D028,2025-01-05,224,250,7574,69,1,3,32,Female,Nurse
D028,2025-01-06,181,350,8517,77,1,10,32,Female,Nurse
D028,2025-01-07,65,280,11049,73,1,9,32,Female,Nurse
D028,2025-01-08,194,326,6437,75,1,9,32,Female,Nurse
D028,2025-01-09,125,414,6041,76,0,4,32,Female,Nurse
D028,2025-01-10,216,396,2166,79,0,5,32,Female,Nurse
D028,2025-01-11,262,374,5237,74,0,3,32,Female,Nurse
D028,2025-01-12,183,,8404,76,1,5,32,Female,Nurse
D028,2025-01-13,280,354,5826,72,1,4,32,Female,Nurse
D028,2025-01-14,214,326,1440,77,1,10,32,Female,Nurse
D028,2025-01-15,279,250,7626,69,1,5,32,Female,Nurse
D028,2025-01-16,243,367,4447,64,0,4,32,Female,Nurse
D028,2025-01-17,243,332,6478,68,1,3,32,Female,Nurse
D028,2025-01-18,207,253,8738,74,1,6,32,Female,Nurse
D028,2025-01-19,157,250,2272,77,1,4,32,Female,Nurse
D028,2025-01-20,,294,9002,75,1,4,32,Female,Nurse
D028,2025-01-21,159,343,9073,72,1,7,32,Female,Nurse
D028,2025-01-22,,298,7191,81,1,9,32,Female,Nurse
D028,2025-01-23,211,345,8683,78,1,7,32,Female,Nurse
D028,2025-01-24,199,342,8943,75,0,5,32,Female,Nurse
D028,2025-01-25,244,327,2368,78,0,6,32,Female,Nurse
D028,2025-01-26,207,355,6848,74,1,5,32,Female,Nurse
D028,2025-01-27,199,318,10464,70,1,9,32,Female,Nurse
D028,2025-01-28,269,394,3437,70,0,5,32,Female,Nurse
D028,2025-01-29,292,352,,71,0,3,32,Female,Nurse
D028,2025-01-30,193,250,9950,77,1,5,32,Female,Nurse
D028,2025-01-31,179,,5397,71,0,3,32,Female,Nurse
D028,2025-02-01,214,392,9907,77,1,4,32,Female,Nurse
D028,2025-02-02,164,274,8086,75,1,9,32,Female,Nurse
D028,2025-02-03,262,253,4737,74,0,5,32,Female,Nurse
D028,2025-02-04,196,333,7297,73,1,10,32,Female,Nurse
D029,2025-01-01,188,,6391,82,1,9,33,Female,Nurse
D029,2025-01-02,241,384,8520,83,1,10,33,Female,Nurse
D029,2025-01-03,235,390,,90,1,5,33,Female,Nurse
D029,2025-01-04,188,357,6086,82,1,8,33,Female,Nurse
D029,2025-01-05,286,421,2435,83,1,4,33,Female,Nurse
D029,2025-01-06,316,476,3002,85,0,5,33,Female,Nurse
D029,2025-01-07,128,493,5451,84,1,10,33,Female,Nurse
D029,2025-01-08,191,405,10400,81,1,10,33,Female,Nurse
D029,2025-01-09,317,509,4995,88,1,6,33,Female,Nurse
D029,2025-01-10,304,356,6912,82,1,4,33,Female,Nurse
D029,2025-01-11,280,545,5464,81,0,4,33,Female,Nurse
D029,2025-01-12,231,374,8909,84,1,3,33,Female,Nurse
D029,2025-01-13,244,315,7504,85,1,9,33,Female,Nurse
D029,2025-01-14,265,390,6946,82,1,3,33,Female,Nurse
D029,2025-01-15,241,440,5345,79,1,7,33,Female,Nurse
D029,2025-01-16,340,461,5255,81,0,4,33,Female,Nurse
D029,2025-01-17,248,450,6366,90,0,4,33,Female,Nurse
D029,2025-01-18,345,443,6119,79,1,4,33,Female,Nurse
D029,2025-01-19,294,496,3300,76,0,3,33,Female,Nurse
D029,2025-01-20,215,362,,81,1,9,33,Female,Nurse
D029,2025-01-21,217,420,,80,1,10,33,Female,Nurse
D029,2025-01-22,133,454,4482,82,1,6,33,Female,Nurse
D029,2025-01-23,241,406,5064,88,0,3,33,Female,Nurse
D029,2025-01-24,334,462,5517,82,0,4,33,Female,Nurse
D029,2025-01-25,284,443,7752,80,1,5,33,Female,Nurse
D029,2025-01-26,254,428,1287,88,1,9,33,Female,Nurse
D029,2025-01-27,302,450,3242,89,1,5,33,Female,Nurse
D029,2025-01-28,211,422,4416,87,0,4,33,Female,Nurse
D029,2025-01-29,197,372,5744,83,1,7,33,Female,Nurse
D029,2025-01-30,265,486,6107,84,1,8,33,Female,Nurse
D029,2025-01-31,215,456,4748,88,1,9,33,Female,Nurse
D029,2025-02-01,230,347,5181,85,1,7,33,Female,Nurse
D029,2025-02-02,263,442,2723,80,0,6,33,Female,Nurse
D029,2025-02-03,226,399,8398,83,1,9,33,Female,Nurse
D029,2025-02-04,197,350,4054,83,1,10,33,Female,Nurse
D030,2025-01-01,258,422,4197,64,0,6,41,Female,Nurse
D030,2025-01-02,183,250,12343,74,1,4,41,Female,Nurse
D030,2025-01-03,150,296,9282,,1,10,41,Female,Nurse
D030,2025-01-04,171,337,,73,1,6,41,Female,Nurse
D030,2025-01-05,175,416,8474,68,1,9,41,Female,Nurse
D030,2025-01-06,188,363,,78,1,7,41,Female,Nurse
D030,2025-01-07,,316,9899,73,1,5,41,Female,Nurse
D030,2025-01-08,238,397,9497,70,0,4,41,Female,Nurse
D030,2025-01-09,202,338,8540,72,1,4,41,Female,Nurse
D030,2025-01-10,178,356,5214,81,0,3,41,Female,Nurse
D030,2025-01-11,302,473,3119,73,0,3,41,Female,Nurse
D030,2025-01-12,184,301,8950,69,1,8,41,Female,Nurse
D030,2025-01-13,197,250,8850,76,1,8,41,Female,Nurse
D030,2025-01-14,180,412,6823,77,1,6,41,Female,Nurse
D030,2025-01-15,173,378,10537,77,1,10,41,Female,Nurse
D030,2025-01-16,238,372,7878,66,0,6,41,Female,Nurse
D030,2025-01-17,87,333,10188,73,1,10,41,Female,Nurse
D030,2025-01-18,175,386,10730,76,1,10,41,Female,Nurse
D030,2025-01-19,97,291,11303,74,1,4,41,Female,Nurse
D030,2025-01-20,,356,,,1,4,41,Female,Nurse
D030,2025-01-21,141,365,5483,72,1,8,41,Female,Nurse
D030,2025-01-22,139,360,13980,78,1,8,41,Female,Nurse
D030,2025-01-23,366,383,9875,77,1,3,41,Female,Nurse
D030,2025-01-24,,331,5668,71,1,7,41,Female,Nurse
D030,2025-01-25,168,317,5865,69,1,10,41,Female,Nurse
D030,2025-01-26,,250,4209,72,0,5,41,Female,Nurse
D030,2025-01-27,224,356,6078,74,1,7,41,Female,Nurse
D030,2025-01-28,199,282,11517,77,1,7,41,Female,Nurse
D030,2025-01-29,148,314,5674,75,1,5,41,Female,Nurse
D030,2025-01-30,215,351,11845,75,1,4,41,Female,Nurse
D030,2025-01-31,198,359,5487,74,0,3,41,Female,Nurse
D030,2025-02-01,248,421,6793,65,0,5,41,Female,Nurse
D030,2025-02-02,158,413,5980,79,1,8,41,Female,Nurse
D030,2025-02-03,132,251,7618,73,1,10,41,Female,Nurse
D030,2025-02-04,96,288,8172,75,1,4,41,Female,Nurse
D031,2025-01-01,190,411,12804,75,1,8,37,Female,Nurse
D031,2025-01-02,150,328,9209,71,1,8,37,Female,Nurse
D031,2025-01-03,283,505,8208,70,0,6,37,Female,Nurse
D031,2025-01-04,177,432,9271,70,1,5,37,Female,Nurse
D031,2025-01-05,235,428,,81,1,8,37,Female,Nurse
D031,2025-01-06,197,360,7502,74,0,5,37,Female,Nurse
D031,2025-01-07,238,426,8331,75,0,3,37,Female,Nurse
D031,2025-01-08,176,422,14720,75,1,3,37,Female,Nurse
D031,2025-01-09,197,410,10009,79,1,5,37,Female,Nurse
D031,2025-01-10,217,394,9408,75,0,5,37,Female,Nurse
D031,2025-01-11,201,402,12052,75,1,7,37,Female,Nurse
D031,2025-01-12,210,551,12833,72,1,4,37,Female,Nurse
D031,2025-01-13,229,422,12369,74,1,5,37,Female,Nurse
D031,2025-01-14,220,477,7551,79,0,3,37,Female,Nurse
D031,2025-01-15,169,433,9559,74,1,8,37,Female,Nurse
D031,2025-01-16,229,431,12174,69,1,6,37,Female,Nurse
D031,2025-01-17,133,400,8635,74,1,8,37,Female,Nurse
D031,2025-01-18,71,266,15916,76,1,3,37,Female,Nurse
D031,2025-01-19,246,404,10179,71,0,3,37,Female,Nurse
D031,2025-01-20,229,558,12574,79,0,5,37,Female,Nurse
D031,2025-01-21,167,482,13966,72,1,4,37,Female,Nurse
D031,2025-01-22,283,450,7126,71,0,4,37,Female,Nurse
D031,2025-01-23,230,393,3729,79,0,5,37,Female,Nurse
D031,2025-01-24,165,448,10351,73,1,8,37,Female,Nurse
D031,2025-01-25,134,346,12476,81,1,10,37,Female,Nurse
D031,2025-01-26,237,374,11543,,1,3,37,Female,Nurse
D031,2025-01-27,211,388,12212,78,1,5,37,Female,Nurse
D031,2025-01-28,211,422,6432,73,0,6,37,Female,Nurse
D031,2025-01-29,218,477,7930,77,0,5,37,Female,Nurse
D031,2025-01-30,150,343,11202,77,0,5,37,Female,Nurse
D031,2025-01-31,227,471,8315,79,0,5,37,Female,Nurse
D031,2025-02-01,178,412,14106,76,1,7,37,Female,Nurse
D031,2025-02-02,184,466,11657,76,1,10,37,Female,Nurse
D031,2025-02-03,275,374,11132,78,0,3,37,Female,Nurse
D031,2025-02-04,267,439,13171,71,1,3,37,Female,Nurse
D032,2025-01-01,278,396,7932,63,0,4,33,Male,Nurse
D032,2025-01-02,270,456,7848,71,1,10,33,Male,Nurse
D032,2025-01-03,273,540,7534,74,0,6,33,Male,Nurse
D032,2025-01-04,264,,9794,71,1,9,33,Male,Nurse
D032,2025-01-05,213,386,5585,74,1,8,33,Male,Nurse
D032,2025-01-06,206,409,11749,75,1,3,33,Male,Nurse
D032,2025-01-07,205,343,7104,66,1,7,33,Male,Nurse
D032,2025-01-08,185,358,8768,72,1,3,33,Male,Nurse
D032,2025-01-09,294,463,7972,67,0,4,33,Male,Nurse
D032,2025-01-10,242,404,9466,73,1,9,33,Male,Nurse
D032,2025-01-11,318,433,9804,76,1,3,33,Male,Nurse
D032,2025-01-12,204,469,7671,76,1,9,33,Male,Nurse
D032,2025-01-13,321,463,11094,68,0,3,33,Male,Nurse
D032,2025-01-14,240,365,8807,70,1,9,33,Male,Nurse
D032,2025-01-15,267,469,4424,68,0,3,33,Male,Nurse
D032,2025-01-16,290,364,10584,61,1,7,33,Male,Nurse
D032,2025-01-17,310,548,10764,62,0,3,33,Male,Nurse
D032,2025-01-18,,525,8402,59,0,4,33,Male,Nurse
D032,2025-01-19,271,411,9272,71,1,5,33,Male,Nurse
D032,2025-01-20,239,444,11400,73,1,4,33,Male,Nurse
D032,2025-01-21,225,403,7492,69,1,3,33,Male,Nurse
D032,2025-01-22,303,404,9291,68,1,10,33,Male,Nurse
D032,2025-01-23,287,502,4659,65,0,5,33,Male,Nurse
D032,2025-01-24,278,432,12875,66,1,4,33,Male,Nurse
D032,2025-01-25,125,436,7957,70,1,10,33,Male,Nurse
D032,2025-01-26,215,404,9294,70,1,7,33,Male,Nurse
D032,2025-01-27,282,389,4452,64,0,6,33,Male,Nurse
D032,2025-01-28,143,402,10229,72,1,5,33,Male,Nurse
D032,2025-01-29,308,435,7163,75,0,4,33,Male,Nurse
D032,2025-01-30,294,411,,69,1,3,33,Male,Nurse
D032,2025-01-31,299,456,12100,66,0,3,33,Male,Nurse
D032,2025-02-01,261,,8927,73,1,8,33,Male,Nurse
D032,2025-02-02,320,488,6582,69,1,10,33,Male,Nurse
D032,2025-02-03,190,396,9108,68,1,6,33,Male,Nurse
D032,2025-02-04,283,427,7955,76,1,8,33,Male,Nurse
D033,2025-01-01,301,494,3845,90,0,5,41,Female,Nurse
D033,2025-01-02,236,373,5893,89,1,5,41,Female,Nurse
D033,2025-01-03,288,,4444,82,1,9,41,Female,Nurse
D033,2025-01-04,241,302,1290,87,0,5,41,Female,Nurse
D033,2025-01-05,267,,10475,94,1,3,41,Female,Nurse
D033,2025-01-06,276,499,5905,87,0,6,41,Female,Nurse
D033,2025-01-07,340,440,7356,80,1,3,41,Female,Nurse
D033,2025-01-08,275,430,5160,78,0,3,41,Female,Nurse
D033,2025-01-09,397,512,9013,80,0,3,41,Female,Nurse
D033,2025-01-10,205,396,10840,92,1,6,41,Female,Nurse
D033,2025-01-11,226,,7383,95,1,3,41,Female,Nurse
D033,2025-01-12,273,414,6653,94,1,7,41,Female,Nurse
D033,2025-01-13,244,382,5045,93,1,8,41,Female,Nurse
D033,2025-01-14,280,429,5304,83,1,3,41,Female,Nurse
D033,2025-01-15,214,380,5243,85,1,10,41,Female,Nurse
D033,2025-01-16,310,416,3421,92,1,6,41,Female,Nurse
D033,2025-01-17,253,414,1000,94,0,6,41,Female,Nurse
D033,2025-01-18,238,493,4686,87,1,4,41,Female,Nurse
D033,2025-01-19,268,412,6963,90,1,9,41,Female,Nurse
D033,2025-01-20,246,394,8485,92,0,5,41,Female,Nurse
D033,2025-01-21,275,401,4833,86,1,3,41,Female,Nurse
D033,2025-01-22,256,414,11751,94,1,3,41,Female,Nurse
D033,2025-01-23,280,427,5080,94,1,4,41,Female,Nurse
D033,2025-01-24,345,374,9945,89,0,6,41,Female,Nurse
D033,2025-01-25,232,442,3412,,1,6,41,Female,Nurse
D033,2025-01-26,217,445,7453,89,1,4,41,Female,Nurse
D033,2025-01-27,276,456,7269,91,0,6,41,Female,Nurse
D033,2025-01-28,294,349,9758,88,1,10,41,Female,Nurse
D033,2025-01-29,214,297,10776,82,1,4,41,Female,Nurse
D033,2025-01-30,333,374,9157,85,0,5,41,Female,Nurse
D033,2025-01-31,202,,2331,83,0,4,41,Female,Nurse
D033,2025-02-01,290,316,7345,84,1,5,41,Female,Nurse
D033,2025-02-02,197,368,7153,90,1,4,41,Female,Nurse
D033,2025-02-03,238,360,8923,81,0,3,41,Female,Nurse
D033,2025-02-04,178,398,3064,96,1,10,41,Female,Nurse
D034,2025-01-01,286,391,2594,67,0,6,23,Male,Nurse
D034,2025-01-02,140,312,6185,74,1,8,23,Male,Nurse
D034,2025-01-03,246,427,3942,74,0,6,23,Male,Nurse
D034,2025-01-04,346,346,4825,69,0,4,23,Male,Nurse
D034,2025-01-05,226,250,9861,71,1,5,23,Male,Nurse
D034,2025-01-06,,385,11296,66,1,5,23,Male,Nurse
D034,2025-01-07,232,337,11419,69,1,7,23,Male,Nurse
D034,2025-01-08,253,496,9628,67,1,8,23,Male,Nurse
D034,2025-01-09,252,281,13073,72,1,8,23,Male,Nurse
D034,2025-01-10,262,,11018,74,1,9,23,Male,Nurse
D034,2025-01-11,232,387,1000,68,0,4,23,Male,Nurse
D034,2025-01-12,220,278,7622,68,1,6,23,Male,Nurse
D034,2025-01-13,197,326,7437,63,1,8,23,Male,Nurse
D034,2025-01-14,278,366,4775,69,1,10,23,Male,Nurse
D034,2025-01-15,294,387,9713,65,1,3,23,Male,Nurse
D034,2025-01-16,231,250,9091,72,1,5,23,Male,Nurse
D034,2025-01-17,242,258,5801,65,1,10,23,Male,Nurse
D034,2025-01-18,273,306,7240,65,0,3,23,Male,Nurse
D034,2025-01-19,264,,4415,64,0,4,23,Male,Nurse
D034,2025-01-20,228,336,3985,69,0,3,23,Male,Nurse
D034,2025-01-21,253,339,7789,69,1,7,23,Male,Nurse
D034,2025-01-22,255,250,9636,71,1,7,23,Male,Nurse
D034,2025-01-23,252,301,8646,76,0,3,23,Male,Nurse
D034,2025-01-24,201,286,11198,70,1,10,23,Male,Nurse
D034,2025-01-25,,354,6070,73,0,3,23,Male,Nurse
D034,2025-01-26,285,399,9660,69,0,3,23,Male,Nurse
D034,2025-01-27,219,277,4382,62,1,8,23,Male,Nurse
D034,2025-01-28,252,397,13469,65,1,6,23,Male,Nurse
D034,2025-01-29,280,326,4132,,0,3,23,Male,Nurse
D034,2025-01-30,313,354,11350,63,1,3,23,Male,Nurse
D034,2025-01-31,244,319,6132,67,0,3,23,Male,Nurse
D034,2025-02-01,325,297,3676,68,0,5,23,Male,Nurse
D034,2025-02-02,203,307,10500,70,1,4,23,Male,Nurse
D034,2025-02-03,174,250,10415,70,1,10,23,Male,Nurse
D034,2025-02-04,215,409,4962,66,0,3,23,Male,Nurse
D035,2025-01-01,196,305,17129,63,1,4,27,Female,Nurse
D035,2025-01-02,163,372,10101,71,1,10,27,Female,Nurse
D035,2025-01-03,116,290,11575,,1,8,27,Female,Nurse
D035,2025-01-04,222,415,7177,64,0,5,27,Female,Nurse
D035,2025-01-05,160,328,6989,70,0,5,27,Female,Nurse
D035,2025-01-06,208,366,10302,,0,6,27,Female,Nurse
D035,2025-01-07,160,360,9083,64,1,10,27,Female,Nurse
D035,2025-01-08,150,354,10697,68,1,3,27,Female,Nurse
D035,2025-01-09,116,390,14228,69,0,5,27,Female,Nurse
D035,2025-01-10,183,338,12294,60,1,5,27,Female,Nurse
D035,2025-01-11,159,360,12624,65,1,8,27,Female,Nurse
D035,2025-01-12,254,376,9469,70,0,3,27,Female,Nurse
D035,2025-01-13,243,391,9695,61,1,4,27,Female,Nurse
D035,2025-01-14,246,352,18464,59,1,7,27,Female,Nurse
D035,2025-01-15,233,380,12268,64,0,3,27,Female,Nurse
D035,2025-01-16,212,381,9071,70,0,4,27,Female,Nurse
D035,2025-01-17,213,389,13928,64,1,3,27,Female,Nurse
D035,2025-01-18,340,530,8568,67,1,4,27,Female,Nurse
D035,2025-01-19,203,,11915,,1,7,27,Female,Nurse
D035,2025-01-20,221,405,6003,63,0,6,27,Female,Nurse
D035,2025-01-21,247,334,13942,64,0,5,27,Female,Nurse
D035,2025-01-22,145,365,11455,74,1,9,27,Female,Nurse
D035,2025-01-23,,319,9098,65,1,8,27,Female,Nurse
D035,2025-01-24,106,334,11089,68,1,6,27,Female,Nurse
D035,2025-01-25,158,312,14829,64,1,3,27,Female,Nurse
D035,2025-01-26,168,402,14032,70,0,5,27,Female,Nurse
D035,2025-01-27,231,364,15540,68,1,7,27,Female,Nurse
D035,2025-01-28,215,408,6360,66,0,4,27,Female,Nurse
D035,2025-01-29,361,445,10475,63,1,3,27,Female,Nurse
D035,2025-01-30,207,384,9360,66,0,3,27,Female,Nurse
D035,2025-01-31,240,,6883,59,0,4,27,Female,Nurse
D035,2025-02-01,153,369,16026,60,1,7,27,Female,Nurse
D035,2025-02-02,231,518,9431,66,0,6,27,Female,Nurse
D035,2025-02-03,251,360,13023,55,0,4,27,Female,Nurse
D035,2025-02-04,254,388,11068,66,1,4,27,Female,Nurse
D036,2025-01-01,166,320,7767,77,1,10,25,Male,Nurse
D036,2025-01-02,216,434,8025,72,0,5,25,Male,Nurse
D036,2025-01-03,257,286,10408,80,1,9,25,Male,Nurse
D036,2025-01-04,139,389,11003,72,0,4,25,Male,Nurse
D036,2025-01-05,224,,12220,66,1,3,25,Male,Nurse
D036,2025-01-06,260,363,14238,72,1,8,25,Male,Nurse
D036,2025-01-07,257,462,11398,72,1,5,25,Male,Nurse
D036,2025-01-08,233,408,12431,76,1,3,25,Male,Nurse
D036,2025-01-09,235,438,9644,80,0,4,25,Male,Nurse
D036,2025-01-10,209,283,12115,76,1,4,25,Male,Nurse
D036,2025-01-11,243,431,15662,78,1,8,25,Male,Nurse
D036,2025-01-12,251,482,13988,70,0,5,25,Male,Nurse
D036,2025-01-13,239,415,10746,65,0,4,25,Male,Nurse
D036,2025-01-14,223,480,13818,77,1,6,25,Male,Nurse
D036,2025-01-15,161,349,9761,75,1,5,25,Male,Nurse
D036,2025-01-16,283,455,7221,68,0,3,25,Male,Nurse
D036,2025-01-17,235,418,13767,74,1,10,25,Male,Nurse
D036,2025-01-18,246,480,9622,72,0,3,25,Male,Nurse
D036,2025-01-19,242,464,11145,69,0,6,25,Male,Nurse
D036,2025-01-20,238,447,,72,1,9,25,Male,Nurse
D036,2025-01-21,118,378,14726,77,1,10,25,Male,Nurse
D036,2025-01-22,196,477,10982,85,0,6,25,Male,Nurse
D036,2025-01-23,245,464,9573,81,0,5,25,Male,Nurse
D036,2025-01-24,237,442,10283,72,0,3,25,Male,Nurse
D036,2025-01-25,153,309,11729,71,1,7,25,Male,Nurse
D036,2025-01-26,186,380,15165,,1,9,25,Male,Nurse
D036,2025-01-27,194,480,6929,76,0,3,25,Male,Nurse
D036,2025-01-28,229,370,8931,75,1,4,25,Male,Nurse
D036,2025-01-29,134,311,12679,70,1,10,25,Male,Nurse
D036,2025-01-30,112,401,11634,80,1,10,25,Male,Nurse
D036,2025-01-31,220,508,14157,65,0,5,25,Male,Nurse
D036,2025-02-01,152,428,9525,77,1,9,25,Male,Nurse
D036,2025-02-02,252,386,10855,70,0,5,25,Male,Nurse
D036,2025-02-03,260,276,11940,73,1,4,25,Male,Nurse
D036,2025-02-04,110,388,14414,79,1,7,25,Male,Nurse
D037,2025-01-01,161,322,7413,77,1,9,28,Female,Nurse
D037,2025-01-02,264,,6743,,1,5,28,Female,Nurse
D037,2025-01-03,212,347,11689,71,1,7,28,Female,Nurse
D037,2025-01-04,184,362,7604,75,0,4,28,Female,Nurse
D037,2025-01-05,217,338,9722,72,0,3,28,Female,Nurse
D037,2025-01-06,241,326,11593,69,1,8,28,Female,Nurse
D037,2025-01-07,252,364,13259,75,1,7,28,Female,Nurse
D037,2025-01-08,258,,8958,74,0,5,28,Female,Nurse
D037,2025-01-09,208,,6207,78,1,9,28,Female,Nurse
D037,2025-01-10,213,,7716,77,1,6,28,Female,Nurse
D037,2025-01-11,338,259,5570,77,0,6,28,Female,Nurse
D037,2025-01-12,242,310,11404,77,1,3,28,Female,Nurse
D037,2025-01-13,316,323,10986,76,1,6,28,Female,Nurse
D037,2025-01-14,250,406,9155,78,1,10,28,Female,Nurse
D037,2025-01-15,266,510,4677,70,0,6,28,Female,Nurse
D037,2025-01-16,255,,11338,69,1,4,28,Female,Nurse
D037,2025-01-17,261,424,14509,78,1,10,28,Female,Nurse
D037,2025-01-18,291,428,7864,75,0,3,28,Female,Nurse
D037,2025-01-19,217,370,,73,0,3,28,Female,Nurse
D037,2025-01-20,172,250,8114,68,1,8,28,Female,Nurse
D037,2025-01-21,68,298,9999,81,1,8,28,Female,Nurse
D037,2025-01-22,323,458,8642,72,1,3,28,Female,Nurse
D037,2025-01-23,286,353,7334,,0,6,28,Female,Nurse
D037,2025-01-24,253,348,3156,72,0,3,28,Female,Nurse
D037,2025-01-25,233,,,76,1,7,28,Female,Nurse
D037,2025-01-26,214,374,9456,69,0,4,28,Female,Nurse
D037,2025-01-27,178,288,13927,80,1,9,28,Female,Nurse
D037,2025-01-28,259,302,9841,76,0,5,28,Female,Nurse
D037,2025-01-29,214,250,6645,75,1,4,28,Female,Nurse
D037,2025-01-30,241,319,8280,74,0,3,28,Female,Nurse
D037,2025-01-31,137,322,9162,75,1,9,28,Female,Nurse
D037,2025-02-01,109,340,11682,75,1,9,28,Female,Nurse
D037,2025-02-02,198,284,8220,82,1,6,28,Female,Nurse
D037,2025-02-03,251,268,,74,0,5,28,Female,Nurse
D037,2025-02-04,179,292,7839,72,0,5,28,Female,Nurse
D038,2025-01-01,240,395,9543,85,1,6,22,Female,Nurse
D038,2025-01-02,290,376,7354,82,1,7,22,Female,Nurse
D038,2025-01-03,85,271,10724,78,1,4,22,Female,Nurse
D038,2025-01-04,205,353,7341,77,1,7,22,Female,Nurse
D038,2025-01-05,154,,11043,76,0,5,22,Female,Nurse
D038,2025-01-06,174,380,4923,77,0,5,22,Female,Nurse
D038,2025-01-07,232,483,8835,73,1,3,22,Female,Nurse
D038,2025-01-08,150,330,16155,77,1,7,22,Female,Nurse
D038,2025-01-09,188,318,7405,84,0,5,22,Female,Nurse
D038,2025-01-10,234,400,8688,72,1,3,22,Female,Nurse
D038,2025-01-11,176,408,13037,78,1,7,22,Female,Nurse
D038,2025-01-12,276,501,11607,81,1,3,22,Female,Nurse
D038,2025-01-13,150,414,14004,82,1,8,22,Female,Nurse
D038,2025-01-14,158,354,7375,78,1,8,22,Female,Nurse
D038,2025-01-15,91,353,11075,83,1,9,22,Female,Nurse
D038,2025-01-16,264,331,12128,76,1,3,22,Female,Nurse
D038,2025-01-17,188,330,13156,77,1,6,22,Female,Nurse
D038,2025-01-18,186,334,12196,80,1,3,22,Female,Nurse
D038,2025-01-19,197,294,13487,82,1,3,22,Female,Nurse
D038,2025-01-20,200,447,10894,72,1,10,22,Female,Nurse
D038,2025-01-21,276,,11251,77,1,6,22,Female,Nurse
D038,2025-01-22,138,305,11095,78,1,4,22,Female,Nurse
D038,2025-01-23,171,433,,79,1,3,22,Female,Nurse
D038,2025-01-24,212,458,9872,77,0,6,22,Female,Nurse
D038,2025-01-25,150,250,11273,80,1,5,22,Female,Nurse
D038,2025-01-26,323,493,10928,76,0,3,22,Female,Nurse
D038,2025-01-27,142,280,12453,80,1,10,22,Female,Nurse
D038,2025-01-28,210,416,7368,76,0,3,22,Female,Nurse
D038,2025-01-29,241,432,15130,80,1,5,22,Female,Nurse
D038,2025-01-30,169,324,10294,84,1,8,22,Female,Nurse
D038,2025-01-31,194,388,13011,80,1,6,22,Female,Nurse
D038,2025-02-01,135,329,6932,82,0,5,22,Female,Nurse
D038,2025-02-02,227,400,10044,78,1,4,22,Female,Nurse
D038,2025-02-03,246,377,11186,80,0,5,22,Female,Nurse
D038,2025-02-04,153,390,7940,82,0,5,22,Female,Nurse
D039,2025-01-01,304,512,7663,70,0,3,35,Male,Nurse
D039,2025-01-02,233,404,13358,66,1,4,35,Male,Nurse
D039,2025-01-03,310,563,7671,62,0,4,35,Male,Nurse
D039,2025-01-04,147,306,9654,66,1,5,35,Male,Nurse
D039,2025-01-05,279,,4672,72,0,6,35,Male,Nurse
D039,2025-01-06,218,389,6841,74,1,4,35,Male,Nurse
D039,2025-01-07,347,481,6869,76,1,5,35,Male,Nurse
D039,2025-01-08,158,340,10027,76,1,10,35,Male,Nurse
D039,2025-01-09,220,392,11037,73,1,5,35,Male,Nurse
D039,2025-01-10,255,372,9262,70,1,10,35,Male,Nurse
D039,2025-01-11,295,487,10519,74,1,6,35,Male,Nurse
D039,2025-01-12,200,336,9138,72,1,5,35,Male,Nurse
D039,2025-01-13,279,,7406,,1,8,35,Male,Nurse
D039,2025-01-14,255,431,12101,67,1,3,35,Male,Nurse
D039,2025-01-15,183,413,6341,65,0,4,35,Male,Nurse
D039,2025-01-16,294,422,9040,72,0,5,35,Male,Nurse
D039,2025-01-17,294,421,7950,68,0,5,35,Male,Nurse
D039,2025-01-18,341,,10865,73,1,7,35,Male,Nurse
D039,2025-01-19,232,469,10495,73,1,10,35,Male,Nurse
D039,2025-01-20,253,405,9137,69,1,6,35,Male,Nurse
D039,2025-01-21,297,482,7097,75,0,4,35,Male,Nurse
D039,2025-01-22,266,408,10787,70,1,6,35,Male,Nurse
D039,2025-01-23,240,448,6974,73,0,4,35,Male,Nurse
D039,2025-01-24,269,467,11450,76,1,4,35,Male,Nurse
D039,2025-01-25,306,,8454,62,0,4,35,Male,Nurse
D039,2025-01-26,240,488,10191,69,1,7,35,Male,Nurse
D039,2025-01-27,223,401,6683,75,1,4,35,Male,Nurse
D039,2025-01-28,198,438,13000,70,1,9,35,Male,Nurse
D039,2025-01-29,272,394,7112,68,0,5,35,Male,Nurse
D039,2025-01-30,190,360,,75,1,5,35,Male,Nurse
D039,2025-01-31,,481,8638,70,1,10,35,Male,Nurse
D039,2025-02-01,180,302,8625,69,1,8,35,Male,Nurse
D039,2025-02-02,290,391,9034,69,1,3,35,Male,Nurse
D039,2025-02-03,297,437,11134,76,1,3,35,Male,Nurse
D039,2025-02-04,263,419,5111,64,0,6,35,Male,Nurse
D040,2025-01-01,274,490,9047,71,1,4,29,Male,Nurse
D040,2025-01-02,325,542,9974,,0,4,29,Male,Nurse
D040,2025-01-03,213,467,8798,72,1,4,29,Male,Nurse
D040,2025-01-04,245,490,13593,73,1,3,29,Male,Nurse
D040,2025-01-05,355,441,13856,70,1,4,29,Male,Nurse
D040,2025-01-06,164,389,9319,79,1,9,29,Male,Nurse
D040,2025-01-07,214,474,9669,70,0,4,29,Male,Nurse
D040,2025-01-08,234,,13367,,1,5,29,Male,Nurse
D040,2025-01-09,170,493,9703,74,0,4,29,Male,Nurse
D040,2025-01-10,205,466,7300,,0,5,29,Male,Nurse
D040,2025-01-11,285,469,10988,71,1,6,29,Male,Nurse
D040,2025-01-12,216,410,15907,70,1,7,29,Male,Nurse
D040,2025-01-13,222,364,10207,76,1,7,29,Male,Nurse
D040,2025-01-14,178,485,12706,,1,6,29,Male,Nurse
D040,2025-01-15,285,485,14022,68,1,4,29,Male,Nurse
D040,2025-01-16,202,440,,75,1,6,29,Male,Nurse
D040,2025-01-17,148,414,9858,74,0,6,29,Male,Nurse
D040,2025-01-18,128,406,11954,68,1,6,29,Male,Nurse
D040,2025-01-19,170,458,14142,73,0,4,29,Male,Nurse
D040,2025-01-20,213,399,8542,73,0,4,29,Male,Nurse
D040,2025-01-21,226,391,5740,64,0,3,29,Male,Nurse
D040,2025-01-22,188,521,10264,70,1,10,29,Male,Nurse
D040,2025-01-23,249,450,8612,74,1,4,29,Male,Nurse
D040,2025-01-24,233,484,10450,72,0,3,29,Male,Nurse
D040,2025-01-25,279,392,10123,,0,6,29,Male,Nurse
D040,2025-01-26,247,521,3456,70,0,5,29,Male,Nurse
D040,2025-01-27,172,434,11679,71,1,4,29,Male,Nurse
D040,2025-01-28,257,527,9096,68,0,4,29,Male,Nurse
D040,2025-01-29,190,410,9871,70,1,7,29,Male,Nurse
D040,2025-01-30,288,582,6719,73,0,4,29,Male,Nurse
D040,2025-01-31,206,430,13091,74,1,3,29,Male,Nurse
D040,2025-02-01,183,433,7986,67,0,3,29,Male,Nurse
D040,2025-02-02,247,501,10776,69,0,6,29,Male,Nurse
D040,2025-02-03,282,420,7454,70,0,4,29,Male,Nurse
D040,2025-02-04,258,562,11375,74,1,9,29,Male,Nurse
D041,2025-01-01,242,556,3507,79,0,4,22,Female,Nurse
D041,2025-01-02,357,431,7795,73,0,6,22,Female,Nurse
D041,2025-01-03,231,378,4913,75,0,3,22,Female,Nurse
D041,2025-01-04,193,314,6959,79,1,6,22,Female,Nurse
D041,2025-01-05,194,408,,79,1,8,22,Female,Nurse
D041,2025-01-06,201,364,8450,,1,9,22,Female,Nurse
D041,2025-01-07,259,332,5128,80,0,3,22,Female,Nurse
D041,2025-01-08,219,475,6497,80,1,5,22,Female,Nurse
D041,2025-01-09,253,505,9840,79,1,7,22,Female,Nurse
D041,2025-01-10,210,365,5223,77,1,7,22,Female,Nurse
D041,2025-01-11,204,517,,80,1,3,22,Female,Nurse
D041,2025-01-12,284,404,4187,77,1,3,22,Female,Nurse
D041,2025-01-13,214,372,11959,,1,7,22,Female,Nurse
D041,2025-01-14,142,333,12028,80,1,5,22,Female,Nurse
D041,2025-01-15,373,550,4427,81,0,5,22,Female,Nurse
D041,2025-01-16,198,411,3882,79,1,10,22,Female,Nurse
D041,2025-01-17,184,388,9994,80,0,4,22,Female,Nurse
D041,2025-01-18,306,359,6970,84,0,4,22,Female,Nurse
D041,2025-01-19,272,,,80,1,4,22,Female,Nurse
D041,2025-01-20,171,383,6596,83,1,8,22,Female,Nurse
D041,2025-01-21,283,493,8088,83,1,8,22,Female,Nurse
D041,2025-01-22,187,360,12685,84,1,6,22,Female,Nurse
D041,2025-01-23,197,489,,89,1,7,22,Female,Nurse
D041,2025-01-24,287,374,5686,78,0,5,22,Female,Nurse
D041,2025-01-25,261,413,5623,81,0,6,22,Female,Nurse
D041,2025-01-26,210,417,10923,81,1,10,22,Female,Nurse
D041,2025-01-27,152,,6084,81,1,7,22,Female,Nurse
D041,2025-01-28,210,390,10576,77,0,4,22,Female,Nurse
D041,2025-01-29,260,425,1667,81,1,3,22,Female,Nurse
D041,2025-01-30,191,384,5744,77,1,3,22,Female,Nurse
D041,2025-01-31,245,418,5046,71,0,4,22,Female,Nurse
D041,2025-02-01,197,472,12496,79,1,6,22,Female,Nurse
D041,2025-02-02,255,440,10258,82,1,10,22,Female,Nurse
D041,2025-02-03,145,362,6563,81,1,9,22,Female,Nurse
D041,2025-02-04,245,421,6470,76,1,4,22,Female,Nurse
D042,2025-01-01,323,361,5708,74,0,6,24,Female,Nurse
D042,2025-01-02,218,414,6128,73,0,4,24,Female,Nurse
D042,2025-01-03,239,321,7952,72,1,5,24,Female,Nurse
D042,2025-01-04,330,437,6762,80,0,5,24,Female,Nurse
D042,2025-01-05,296,383,9036,,0,6,24,Female,Nurse
D042,2025-01-06,216,382,11375,76,1,3,24,Female,Nurse
D042,2025-01-07,282,433,12099,,1,5,24,Female,Nurse
D042,2025-01-08,230,384,8766,73,1,9,24,Female,Nurse
D042,2025-01-09,214,335,11620,74,1,5,24,Female,Nurse
D042,2025-01-10,285,404,,69,1,3,24,Female,Nurse
D042,2025-01-11,307,440,10654,78,1,8,24,Female,Nurse
D042,2025-01-12,179,376,3098,73,0,4,24,Female,Nurse
D042,2025-01-13,189,328,,78,1,3,24,Female,Nurse
D042,2025-01-14,190,315,7123,74,1,10,24,Female,Nurse
D042,2025-01-15,209,344,,71,1,8,24,Female,Nurse
D042,2025-01-16,304,463,5458,68,0,5,24,Female,Nurse
D042,2025-01-17,177,462,,77,1,6,24,Female,Nurse
D042,2025-01-18,251,386,11665,76,1,10,24,Female,Nurse
D042,2025-01-19,303,444,5222,76,1,9,24,Female,Nurse
D042,2025-01-20,298,396,5233,79,0,3,24,Female,Nurse
D042,2025-01-21,195,385,8113,74,1,8,24,Female,Nurse
D042,2025-01-22,246,464,9618,67,0,4,24,Female,Nurse
D042,2025-01-23,331,411,8436,76,1,3,24,Female,Nurse
D042,2025-01-24,249,421,3160,72,1,6,24,Female,Nurse
D042,2025-01-25,225,424,10075,70,1,10,24,Female,Nurse
D042,2025-01-26,251,,5764,71,0,3,24,Female,Nurse
D042,2025-01-27,292,437,8230,72,1,5,24,Female,Nurse
D042,2025-01-28,294,448,9059,71,1,10,24,Female,Nurse
D042,2025-01-29,281,350,8909,74,1,3,24,Female,Nurse
D042,2025-01-30,250,415,7654,79,0,4,24,Female,Nurse
D042,2025-01-31,242,435,10531,67,1,8,24,Female,Nurse
D042,2025-02-01,290,374,6686,68,0,4,24,Female,Nurse
D042,2025-02-02,205,398,4418,70,0,4,24,Female,Nurse
D042,2025-02-03,274,449,7298,78,1,8,24,Female,Nurse
D042,2025-02-04,197,347,11547,74,1,10,24,Female,Nurse
D043,2025-01-01,228,320,7307,68,0,5,33,Female,Nurse
D043,2025-01-02,226,280,4570,65,0,4,33,Female,Nurse
D043,2025-01-03,232,288,6886,68,1,3,33,Female,Nurse
D043,2025-01-04,186,290,12770,72,1,6,33,Female,Nurse
D043,2025-01-05,308,343,8434,67,0,5,33,Female,Nurse
D043,2025-01-06,143,364,9125,72,1,3,33,Female,Nurse
D043,2025-01-07,156,413,6642,69,1,3,33,Female,Nurse
D043,2025-01-08,165,289,7658,,1,7,33,Female,Nurse
D043,2025-01-09,134,,7383,72,1,10,33,Female,Nurse
D043,2025-01-10,236,354,6950,65,1,4,33,Female,Nurse
D043,2025-01-11,238,430,8818,70,1,9,33,Female,Nurse
D043,2025-01-12,276,489,11410,67,1,7,33,Female,Nurse
D043,2025-01-13,214,311,7662,74,0,6,33,Female,Nurse
D043,2025-01-14,238,381,11660,76,1,4,33,Female,Nurse
D043,2025-01-15,269,363,9190,71,1,10,33,Female,Nurse
D043,2025-01-16,224,377,10082,,1,3,33,Female,Nurse
D043,2025-01-17,134,288,10672,73,1,10,33,Female,Nurse
D043,2025-01-18,219,396,11787,70,1,3,33,Female,Nurse
D043,2025-01-19,187,306,12338,79,1,8,33,Female,Nurse
D043,2025-01-20,210,418,13420,77,1,9,33,Female,Nurse
D043,2025-01-21,184,366,11024,77,1,9,33,Female,Nurse
D043,2025-01-22,206,336,4008,71,0,3,33,Female,Nurse
D043,2025-01-23,241,383,8875,72,1,8,33,Female,Nurse
D043,2025-01-24,213,378,9313,80,1,7,33,Female,Nurse
D043,2025-01-25,207,368,8501,69,1,10,33,Female,Nurse
D043,2025-01-26,413,380,10811,74,1,6,33,Female,Nurse
D043,2025-01-27,198,394,10560,66,1,5,33,Female,Nurse
D043,2025-01-28,196,333,9627,68,1,7,33,Female,Nurse
D043,2025-01-29,161,309,7026,68,1,8,33,Female,Nurse
D043,2025-01-30,216,395,7137,,0,6,33,Female,Nurse
D043,2025-01-31,184,331,6503,,1,3,33,Female,Nurse
D043,2025-02-01,,250,7930,71,1,6,33,Female,Nurse
D043,2025-02-02,303,364,2856,72,0,5,33,Female,Nurse
D043,2025-02-03,181,278,10474,66,1,8,33,Female,Nurse
D043,2025-02-04,272,400,6000,70,0,5,33,Female,Nurse
D044,2025-01-01,168,369,11040,74,1,6,37,Female,Nurse
D044,2025-01-02,267,527,11421,74,0,3,37,Female,Nurse
D044,2025-01-03,215,403,10726,66,1,3,37,Female,Nurse
D044,2025-01-04,214,408,14960,79,1,6,37,Female,Nurse
D044,2025-01-05,111,348,12296,76,1,10,37,Female,Nurse
D044,2025-01-06,158,332,12334,73,1,4,37,Female,Nurse
D044,2025-01-07,158,422,5117,79,0,6,37,Female,Nurse
D044,2025-01-08,173,497,6607,75,1,10,37,Female,Nurse
D044,2025-01-09,138,251,10130,81,1,6,37,Female,Nurse
D044,2025-01-10,206,394,8145,80,0,4,37,Female,Nurse
D044,2025-01-11,176,478,12568,71,1,10,37,Female,Nurse
D044,2025-01-12,183,,11249,76,1,5,37,Female,Nurse
D044,2025-01-13,219,387,11795,79,1,9,37,Female,Nurse
D044,2025-01-14,252,397,6149,73,0,6,37,Female,Nurse
D044,2025-01-15,203,415,,70,0,4,37,Female,Nurse
D044,2025-01-16,214,420,8445,70,0,5,37,Female,Nurse
D044,2025-01-17,150,410,7026,74,1,4,37,Female,Nurse
D044,2025-01-18,183,375,9762,80,1,6,37,Female,Nurse
D044,2025-01-19,198,391,8443,76,1,6,37,Female,Nurse
D044,2025-01-20,114,308,12288,77,1,10,37,Female,Nurse
D044,2025-01-21,155,388,8653,78,1,4,37,Female,Nurse
D044,2025-01-22,156,314,13779,80,1,6,37,Female,Nurse
D044,2025-01-23,160,418,5992,,1,9,37,Female,Nurse
D044,2025-01-24,193,438,5323,78,0,4,37,Female,Nurse
D044,2025-01-25,272,404,5885,71,0,6,37,Female,Nurse
D044,2025-01-26,234,378,8838,77,0,4,37,Female,Nurse
D044,2025-01-27,138,299,11686,78,1,7,37,Female,Nurse
D044,2025-01-28,222,376,11368,75,1,8,37,Female,Nurse
D044,2025-01-29,230,477,7438,74,1,5,37,Female,Nurse
D044,2025-01-30,168,490,13063,77,0,6,37,Female,Nurse
D044,2025-01-31,124,373,9823,75,1,9,37,Female,Nurse
D044,2025-02-01,241,396,13252,77,1,9,37,Female,Nurse
D044,2025-02-02,172,424,10083,,1,4,37,Female,Nurse
D044,2025-02-03,173,278,10059,74,1,3,37,Female,Nurse
D044,2025-02-04,310,430,6344,74,0,4,37,Female,Nurse
D045,2025-01-01,197,350,7831,75,1,9,45,Female,Nurse
D045,2025-01-02,302,444,11639,72,0,3,45,Female,Nurse
D045,2025-01-03,165,344,11290,75,1,8,45,Female,Nurse
D045,2025-01-04,95,389,8979,73,1,10,45,Female,Nurse
D045,2025-01-05,135,361,8256,78,1,10,45,Female,Nurse
D045,2025-01-06,180,434,8432,72,0,6,45,Female,Nurse
D045,2025-01-07,144,282,6080,70,1,3,45,Female,Nurse
D045,2025-01-08,164,397,7153,72,1,5,45,Female,Nurse
D045,2025-01-09,163,357,9069,76,1,3,45,Female,Nurse
D045,2025-01-10,,418,4768,68,0,5,45,Female,Nurse
D045,2025-01-11,117,380,10027,71,0,4,45,Female,Nurse
D045,2025-01-12,208,400,6060,74,1,6,45,Female,Nurse
D045,2025-01-13,162,439,11007,84,1,4,45,Female,Nurse
D045,2025-01-14,,456,8570,78,0,6,45,Female,Nurse
D045,2025-01-15,180,268,10562,74,1,5,45,Female,Nurse
D045,2025-01-16,152,370,11087,71,1,8,45,Female,Nurse
D045,2025-01-17,211,506,1000,72,0,4,45,Female,Nurse
D045,2025-01-18,105,317,12612,78,1,8,45,Female,Nurse
D045,2025-01-19,197,349,14714,71,1,10,45,Female,Nurse
D045,2025-01-20,155,458,10411,73,1,9,45,Female,Nurse
D045,2025-01-21,138,346,6474,72,0,5,45,Female,Nurse
D045,2025-01-22,198,419,6278,77,0,4,45,Female,Nurse
D045,2025-01-23,189,433,8290,69,1,9,45,Female,Nurse
D045,2025-01-24,117,350,,79,0,3,45,Female,Nurse
D045,2025-01-25,275,388,,70,0,3,45,Female,Nurse
D045,2025-01-26,252,392,10887,74,1,7,45,Female,Nurse
D045,2025-01-27,205,,7724,73,0,5,45,Female,Nurse
D045,2025-01-28,193,386,11283,76,1,10,45,Female,Nurse
D045,2025-01-29,236,458,4421,65,0,3,45,Female,Nurse
D045,2025-01-30,166,340,9718,78,1,10,45,Female,Nurse
D045,2025-01-31,206,353,9193,69,0,4,45,Female,Nurse
D045,2025-02-01,175,416,8015,74,0,5,45,Female,Nurse
D045,2025-02-02,223,328,7681,69,1,7,45,Female,Nurse
D045,2025-02-03,172,299,11303,76,1,4,45,Female,Nurse
D045,2025-02-04,182,407,7191,73,1,8,45,Female,Nurse
D046,2025-01-01,214,562,6159,79,1,10,51,Female,Physician
D046,2025-01-02,206,412,6091,79,1,5,51,Female,Physician
D046,2025-01-03,243,461,8946,82,1,7,51,Female,Physician
D046,2025-01-04,238,492,3097,74,0,5,51,Female,Physician
D046,2025-01-05,241,524,8066,82,1,10,51,Female,Physician
D046,2025-01-06,238,528,6296,76,0,5,51,Female,Physician
D046,2025-01-07,324,551,6233,74,0,3,51,Female,Physician
D046,2025-01-08,220,415,9951,85,1,5,51,Female,Physician
D046,2025-01-09,227,465,9745,76,1,3,51,Female,Physician
D046,2025-01-10,201,469,9606,84,1,6,51,Female,Physician
D046,2025-01-11,210,413,12999,82,1,3,51,Female,Physician
D046,2025-01-12,298,347,10938,77,1,6,51,Female,Physician
D046,2025-01-13,316,529,10080,75,1,4,51,Female,Physician
D046,2025-01-14,234,484,10401,86,1,4,51,Female,Physician
D046,2025-01-15,281,509,6742,81,0,6,51,Female,Physician
D046,2025-01-16,231,418,10144,77,1,10,51,Female,Physician
D046,2025-01-17,320,499,9035,80,0,6,51,Female,Physician
D046,2025-01-18,280,513,11633,81,1,4,51,Female,Physician
D046,2025-01-19,243,,9247,76,1,6,51,Female,Physician
D046,2025-01-20,124,357,12106,79,1,7,51,Female,Physician
D046,2025-01-21,212,394,10784,80,1,7,51,Female,Physician
D046,2025-01-22,241,444,10513,81,1,7,51,Female,Physician
D046,2025-01-23,265,446,7707,76,1,4,51,Female,Physician
D046,2025-01-24,230,447,9603,82,0,3,51,Female,Physician
D046,2025-01-25,238,473,,84,1,7,51,Female,Physician
D046,2025-01-26,122,425,6065,80,1,10,51,Female,Physician
D046,2025-01-27,122,440,9240,83,1,8,51,Female,Physician
D046,2025-01-28,196,,9893,78,1,8,51,Female,Physician
D046,2025-01-29,346,442,7473,75,0,3,51,Female,Physician
D046,2025-01-30,228,473,5422,77,1,8,51,Female,Physician
D046,2025-01-31,247,482,12742,79,1,10,51,Female,Physician
D046,2025-02-01,280,495,8617,78,1,8,51,Female,Physician
D046,2025-02-02,335,594,,73,0,3,51,Female,Physician
D046,2025-02-03,179,,8188,86,1,9,51,Female,Physician
D046,2025-02-04,284,498,,75,1,4,51,Female,Physician
D047,2025-01-01,210,453,14161,76,1,5,34,Female,Nurse
D047,2025-01-02,267,525,10374,78,1,4,34,Female,Nurse
D047,2025-01-03,344,467,13541,73,1,5,34,Female,Nurse
D047,2025-01-04,176,493,10195,74,1,6,34,Female,Nurse
D047,2025-01-05,181,528,11618,77,1,8,34,Female,Nurse
D047,2025-01-06,157,499,9313,74,0,5,34,Female,Nurse
D047,2025-01-07,186,,11006,78,1,3,34,Female,Nurse
D047,2025-01-08,283,558,8393,75,0,6,34,Female,Nurse
D047,2025-01-09,264,591,9722,80,0,6,34,Female,Nurse
D047,2025-01-10,109,507,11421,76,1,5,34,Female,Nurse
D047,2025-01-11,224,463,9680,,1,4,34,Female,Nurse
D047,2025-01-12,289,600,,75,0,5,34,Female,Nurse
D047,2025-01-13,213,456,13372,72,1,3,34,Female,Nurse
D047,2025-01-14,157,493,10896,,1,8,34,Female,Nurse
D047,2025-01-15,185,502,14965,80,1,10,34,Female,Nurse
D047,2025-01-16,258,555,12500,84,1,6,34,Female,Nurse
D047,2025-01-17,146,461,13349,75,1,3,34,Female,Nurse
D047,2025-01-18,111,469,9696,84,1,9,34,Female,Nurse
D047,2025-01-19,211,558,8248,,0,5,34,Female,Nurse
D047,2025-01-20,273,440,9744,75,1,5,34,Female,Nurse
D047,2025-01-21,152,490,10712,83,1,7,34,Female,Nurse
D047,2025-01-22,280,509,14428,78,1,10,34,Female,Nurse
D047,2025-01-23,218,600,9840,73,0,5,34,Female,Nurse
D047,2025-01-24,287,455,10637,72,0,3,34,Female,Nurse
D047,2025-01-25,259,440,11768,73,1,6,34,Female,Nurse
D047,2025-01-26,286,,9336,78,1,3,34,Female,Nurse
D047,2025-01-27,260,599,8360,72,0,4,34,Female,Nurse
D047,2025-01-28,319,600,12193,,1,3,34,Female,Nurse
D047,2025-01-29,185,416,10947,78,1,9,34,Female,Nurse
D047,2025-01-30,214,519,11054,76,1,8,34,Female,Nurse
D047,2025-01-31,136,408,10215,74,1,6,34,Female,Nurse
D047,2025-02-01,296,518,11300,82,1,9,34,Female,Nurse
D047,2025-02-02,365,600,9995,73,1,7,34,Female,Nurse
D047,2025-02-03,195,464,11500,68,0,5,34,Female,Nurse
D047,2025-02-04,192,517,11636,77,1,6,34,Female,Nurse
D048,2025-01-01,,,13810,71,1,5,24,Female,Nurse
D048,2025-01-02,113,346,7995,65,1,3,24,Female,Nurse
D048,2025-01-03,153,353,9267,70,1,4,24,Female,Nurse
D048,2025-01-04,156,367,10526,66,1,7,24,Female,Nurse
D048,2025-01-05,276,484,10600,65,1,8,24,Female,Nurse
D048,2025-01-06,,372,9076,68,0,5,24,Female,Nurse
D048,2025-01-07,268,501,9185,69,1,3,24,Female,Nurse
D048,2025-01-08,206,335,8992,65,1,4,24,Female,Nurse
D048,2025-01-09,58,284,6587,74,1,10,24,Female,Nurse
D048,2025-01-10,91,320,7101,71,1,6,24,Female,Nurse
D048,2025-01-11,130,333,,68,1,3,24,Female,Nurse
D048,2025-01-12,166,337,4053,62,0,6,24,Female,Nurse
D048,2025-01-13,187,385,11109,68,0,3,24,Female,Nurse
D048,2025-01-14,198,362,7371,63,0,4,24,Female,Nurse
D048,2025-01-15,234,409,3931,67,0,3,24,Female,Nurse
D048,2025-01-16,228,464,6842,68,0,3,24,Female,Nurse
D048,2025-01-17,86,340,8577,,1,6,24,Female,Nurse
D048,2025-01-18,100,474,8543,68,1,9,24,Female,Nurse
D048,2025-01-19,227,450,10591,64,1,10,24,Female,Nurse
D048,2025-01-20,177,375,,68,1,5,24,Female,Nurse
D048,2025-01-21,125,360,10605,68,0,5,24,Female,Nurse
D048,2025-01-22,152,334,9774,67,1,4,24,Female,Nurse
D048,2025-01-23,170,406,6092,71,1,8,24,Female,Nurse
D048,2025-01-24,182,349,5217,65,0,6,24,Female,Nurse
D048,2025-01-25,138,429,9612,56,1,9,24,Female,Nurse
D048,2025-01-26,225,333,8966,69,1,7,24,Female,Nurse
D048,2025-01-27,227,363,7356,67,1,6,24,Female,Nurse
D048,2025-01-28,172,314,7615,64,0,3,24,Female,Nurse
D048,2025-01-29,,383,6722,67,1,10,24,Female,Nurse
D048,2025-01-30,149,321,7575,68,1,8,24,Female,Nurse
D048,2025-01-31,160,381,6597,,1,10,24,Female,Nurse
D048,2025-02-01,68,276,9760,60,1,9,24,Female,Nurse
D048,2025-02-02,258,380,5488,64,0,5,24,Female,Nurse
D048,2025-02-03,138,368,6933,66,1,8,24,Female,Nurse
D048,2025-02-04,155,408,10005,66,0,6,24,Female,Nurse
D049,2025-01-01,212,434,12974,79,1,10,22,Female,Nurse
D049,2025-01-02,,439,6236,77,0,5,22,Female,Nurse
D049,2025-01-03,123,333,12733,82,1,10,22,Female,Nurse
D049,2025-01-04,216,355,8483,85,1,9,22,Female,Nurse
D049,2025-01-05,382,545,5189,86,0,3,22,Female,Nurse
D049,2025-01-06,258,376,7160,78,0,3,22,Female,Nurse
D049,2025-01-07,190,286,11599,78,1,7,22,Female,Nurse
D049,2025-01-08,192,366,12299,80,1,8,22,Female,Nurse
D049,2025-01-09,259,400,13099,82,0,3,22,Female,Nurse
D049,2025-01-10,333,483,,79,0,4,22,Female,Nurse
D049,2025-01-11,213,538,8391,75,0,4,22,Female,Nurse
D049,2025-01-12,218,324,10297,85,0,4,22,Female,Nurse
D049,2025-01-13,279,408,10471,79,1,3,22,Female,Nurse
D049,2025-01-14,139,380,12688,79,1,5,22,Female,Nurse
D049,2025-01-15,279,365,10890,83,0,5,22,Female,Nurse
D049,2025-01-16,215,366,6167,71,0,5,22,Female,Nurse
D049,2025-01-17,221,386,11805,81,1,9,22,Female,Nurse
D049,2025-01-18,265,383,13892,81,1,4,22,Female,Nurse
D049,2025-01-19,280,343,12923,77,0,4,22,Female,Nurse
D049,2025-01-20,221,344,15268,78,1,3,22,Female,Nurse
D049,2025-01-21,194,414,13905,85,1,8,22,Female,Nurse
D049,2025-01-22,212,389,11669,82,1,9,22,Female,Nurse
D049,2025-01-23,259,468,9621,,0,4,22,Female,Nurse
D049,2025-01-24,289,361,9278,77,1,7,22,Female,Nurse
D049,2025-01-25,162,349,11719,84,1,6,22,Female,Nurse
D049,2025-01-26,286,375,9959,76,1,5,22,Female,Nurse
D049,2025-01-27,232,293,9483,81,1,9,22,Female,Nurse
D049,2025-01-28,228,324,7100,84,0,5,22,Female,Nurse
D049,2025-01-29,210,435,13818,78,1,3,22,Female,Nurse
D049,2025-01-30,243,394,11853,81,0,4,22,Female,Nurse
D049,2025-01-31,202,389,12331,83,1,4,22,Female,Nurse
D049,2025-02-01,281,464,8398,77,1,4,22,Female,Nurse
D049,2025-02-02,314,476,9482,83,0,6,22,Female,Nurse
D049,2025-02-03,301,404,12261,76,1,5,22,Female,Nurse
D049,2025-02-04,140,316,10319,81,1,10,22,Female,Nurse
D050,2025-01-01,62,322,17073,78,1,10,33,Female,Nurse
D050,2025-01-02,268,380,10292,77,1,3,33,Female,Nurse
D050,2025-01-03,252,,9801,72,0,6,33,Female,Nurse
D050,2025-01-04,256,440,11127,79,1,6,33,Female,Nurse
D050,2025-01-05,281,487,10635,78,0,6,33,Female,Nurse
D050,2025-01-06,299,416,10300,75,0,3,33,Female,Nurse
D050,2025-01-07,268,366,6136,83,0,5,33,Female,Nurse
D050,2025-01-08,186,330,7366,76,1,4,33,Female,Nurse
D050,2025-01-09,148,388,14978,74,1,9,33,Female,Nurse
D050,2025-01-10,155,298,10412,73,1,5,33,Female,Nurse
D050,2025-01-11,207,335,9747,73,1,3,33,Female,Nurse
D050,2025-01-12,185,257,9374,78,1,8,33,Female,Nurse
D050,2025-01-13,277,380,9371,78,0,3,33,Female,Nurse
D050,2025-01-14,235,251,7135,80,0,4,33,Female,Nurse
D050,2025-01-15,220,395,10039,72,1,3,33,Female,Nurse
D050,2025-01-16,,400,12694,81,1,3,33,Female,Nurse
D050,2025-01-17,236,316,10753,69,1,4,33,Female,Nurse
D050,2025-01-18,191,282,7591,76,1,8,33,Female,Nurse
D050,2025-01-19,127,,11374,78,1,5,33,Female,Nurse
D050,2025-01-20,237,366,7280,,0,4,33,Female,Nurse
D050,2025-01-21,241,440,10913,76,0,3,33,Female,Nurse
D050,2025-01-22,212,371,6606,82,1,9,33,Female,Nurse
D050,2025-01-23,195,348,12288,80,1,4,33,Female,Nurse
D050,2025-01-24,220,460,13501,80,1,7,33,Female,Nurse
D050,2025-01-25,284,400,11211,74,1,4,33,Female,Nurse
D050,2025-01-26,160,280,14724,80,1,6,33,Female,Nurse
D050,2025-01-27,204,343,11102,76,1,7,33,Female,Nurse
D050,2025-01-28,197,406,9621,75,1,9,33,Female,Nurse
D050,2025-01-29,242,354,9163,76,1,4,33,Female,Nurse
D050,2025-01-30,226,363,9776,78,0,3,33,Female,Nurse
D050,2025-01-31,255,,10700,80,0,3,33,Female,Nurse
D050,2025-02-01,224,329,15192,74,1,10,33,Female,Nurse
D050,2025-02-02,189,343,9126,77,0,6,33,Female,Nurse
D050,2025-02-03,233,457,8627,83,0,6,33,Female,Nurse
D050,2025-02-04,230,430,12665,,1,7,33,Female,Nurse
D051,2025-01-01,290,412,11808,76,1,5,25,Female,Nurse
D051,2025-01-02,406,532,6168,78,0,5,25,Female,Nurse
D051,2025-01-03,222,459,11548,84,0,6,25,Female,Nurse
D051,2025-01-04,336,523,7883,84,0,4,25,Female,Nurse
D051,2025-01-05,264,520,11108,74,0,5,25,Female,Nurse
D051,2025-01-06,336,446,10341,83,1,7,25,Female,Nurse
D051,2025-01-07,314,525,2878,83,0,5,25,Female,Nurse
D051,2025-01-08,275,514,5341,82,0,5,25,Female,Nurse
D051,2025-01-09,,545,13229,84,1,9,25,Female,Nurse
D051,2025-01-10,203,563,9169,,0,4,25,Female,Nurse
D051,2025-01-11,290,490,4646,79,0,4,25,Female,Nurse
D051,2025-01-12,211,502,9999,82,1,4,25,Female,Nurse
D051,2025-01-13,203,,10198,83,1,10,25,Female,Nurse
D051,2025-01-14,341,548,9375,77,0,5,25,Female,Nurse
D051,2025-01-15,202,450,8768,86,1,10,25,Female,Nurse
D051,2025-01-16,253,502,5905,82,0,6,25,Female,Nurse
D051,2025-01-17,296,504,,88,0,5,25,Female,Nurse
D051,2025-01-18,274,456,,88,1,7,25,Female,Nurse
D051,2025-01-19,271,494,14261,81,1,5,25,Female,Nurse
D051,2025-01-20,325,553,3346,81,0,4,25,Female,Nurse
D051,2025-01-21,294,531,7919,76,1,6,25,Female,Nurse
D051,2025-01-22,262,511,6945,76,0,5,25,Female,Nurse
D051,2025-01-23,312,458,5970,84,0,5,25,Female,Nurse
D051,2025-01-24,288,473,7734,81,0,5,25,Female,Nurse
D051,2025-01-25,257,514,7707,87,1,9,25,Female,Nurse
D051,2025-01-26,240,579,9908,83,1,4,25,Female,Nurse
D051,2025-01-27,365,546,9740,78,1,3,25,Female,Nurse
D051,2025-01-28,339,514,9987,80,1,3,25,Female,Nurse
D051,2025-01-29,230,426,10408,84,1,7,25,Female,Nurse
D051,2025-01-30,306,543,1015,82,1,5,25,Female,Nurse
D051,2025-01-31,270,514,8979,86,1,6,25,Female,Nurse
D051,2025-02-01,260,,9247,86,0,3,25,Female,Nurse
D051,2025-02-02,204,361,10971,83,1,5,25,Female,Nurse
D051,2025-02-03,204,460,8846,84,1,10,25,Female,Nurse
D051,2025-02-04,293,494,10739,89,1,6,25,Female,Nurse
D052,2025-01-01,187,464,14554,66,1,3,28,Female,Nurse
D052,2025-01-02,205,510,15644,61,1,4,28,Female,Nurse
D052,2025-01-03,258,588,17816,56,0,5,28,Female,Nurse
D052,2025-01-04,255,532,13966,,1,8,28,Female,Nurse
D052,2025-01-05,231,458,19363,63,1,9,28,Female,Nurse
D052,2025-01-06,126,364,13199,68,1,7,28,Female,Nurse
D052,2025-01-07,166,417,17088,67,1,4,28,Female,Nurse
D052,2025-01-08,123,405,17433,69,1,6,28,Female,Nurse
D052,2025-01-09,128,416,17886,64,1,9,28,Female,Nurse
D052,2025-01-10,149,,,71,1,9,28,Female,Nurse
D052,2025-01-11,244,,17357,66,1,7,28,Female,Nurse
D052,2025-01-12,171,324,,69,0,4,28,Female,Nurse
D052,2025-01-13,205,409,15955,66,1,7,28,Female,Nurse
D052,2025-01-14,152,519,12350,65,1,10,28,Female,Nurse
D052,2025-01-15,320,600,13814,65,0,3,28,Female,Nurse
D052,2025-01-16,111,446,14007,65,1,4,28,Female,Nurse
D052,2025-01-17,146,556,15949,65,1,10,28,Female,Nurse
D052,2025-01-18,231,541,15256,66,0,6,28,Female,Nurse
D052,2025-01-19,146,559,15805,62,1,4,28,Female,Nurse
D052,2025-01-20,247,473,15348,63,1,4,28,Female,Nurse
D052,2025-01-21,172,440,,61,1,3,28,Female,Nurse
D052,2025-01-22,138,523,17205,68,1,7,28,Female,Nurse
D052,2025-01-23,104,440,10447,68,1,10,28,Female,Nurse
D052,2025-01-24,120,,14202,60,0,6,28,Female,Nurse
D052,2025-01-25,151,436,18790,60,0,6,28,Female,Nurse
D052,2025-01-26,239,514,18920,65,1,4,28,Female,Nurse
D052,2025-01-27,173,473,16297,73,1,6,28,Female,Nurse
D052,2025-01-28,229,528,12134,64,0,4,28,Female,Nurse
D052,2025-01-29,141,498,16603,66,1,5,28,Female,Nurse
D052,2025-01-30,180,534,14645,68,0,4,28,Female,Nurse
D052,2025-01-31,123,417,16489,60,1,4,28,Female,Nurse
D052,2025-02-01,131,382,12893,63,1,4,28,Female,Nurse
D052,2025-02-02,55,434,14903,,1,9,28,Female,Nurse
D052,2025-02-03,232,518,12443,65,0,3,28,Female,Nurse
D052,2025-02-04,189,508,,68,0,3,28,Female,Nurse
D053,2025-01-01,209,438,8857,76,0,6,27,Male,Nurse
D053,2025-01-02,174,298,14888,82,1,9,27,Male,Nurse
D053,2025-01-03,82,393,,85,1,6,27,Male,Nurse
D053,2025-01-04,179,411,8841,75,1,3,27,Male,Nurse
D053,2025-01-05,323,442,8332,70,0,3,27,Male,Nurse
D053,2025-01-06,207,357,15864,76,1,3,27,Male,Nurse
D053,2025-01-07,261,391,9931,72,0,4,27,Male,Nurse
D053,2025-01-08,196,410,,80,1,7,27,Male,Nurse
D053,2025-01-09,154,376,11427,79,1,4,27,Male,Nurse
D053,2025-01-10,217,350,14341,77,1,6,27,Male,Nurse
D053,2025-01-11,122,395,8660,77,1,9,27,Male,Nurse
D053,2025-01-12,265,,14449,78,0,3,27,Male,Nurse
D053,2025-01-13,302,472,11180,75,0,4,27,Male,Nurse
D053,2025-01-14,224,454,10338,76,1,6,27,Male,Nurse
D053,2025-01-15,196,423,9071,79,0,3,27,Male,Nurse
D053,2025-01-16,145,405,11158,78,1,8,27,Male,Nurse
D053,2025-01-17,238,403,12905,81,0,5,27,Male,Nurse
D053,2025-01-18,199,418,,76,1,7,27,Male,Nurse
D053,2025-01-19,272,423,13404,75,1,3,27,Male,Nurse
D053,2025-01-20,273,449,6767,76,0,5,27,Male,Nurse
D053,2025-01-21,330,333,12070,68,0,6,27,Male,Nurse
D053,2025-01-22,210,445,11681,80,1,9,27,Male,Nurse
D053,2025-01-23,249,450,8168,74,0,3,27,Male,Nurse
D053,2025-01-24,255,401,9756,78,0,5,27,Male,Nurse
D053,2025-01-25,238,520,13355,76,0,6,27,Male,Nurse
D053,2025-01-26,248,475,10828,76,1,5,27,Male,Nurse
D053,2025-01-27,287,390,7366,77,0,5,27,Male,Nurse
D053,2025-01-28,134,256,18951,79,1,3,27,Male,Nurse
D053,2025-01-29,218,482,14090,76,1,10,27,Male,Nurse
D053,2025-01-30,278,355,10013,78,0,5,27,Male,Nurse
D053,2025-01-31,186,342,11478,78,1,7,27,Male,Nurse
D053,2025-02-01,219,287,8743,82,1,9,27,Male,Nurse
D053,2025-02-02,255,374,9897,78,1,6,27,Male,Nurse
D053,2025-02-03,126,298,18555,83,1,10,27,Male,Nurse
D053,2025-02-04,299,469,8573,76,0,6,27,Male,Nurse
D054,2025-01-01,214,,9783,79,0,4,30,Female,Nurse
D054,2025-01-02,161,384,8569,77,0,6,30,Female,Nurse
D054,2025-01-03,197,351,12905,84,1,7,30,Female,Nurse
D054,2025-01-04,186,405,8908,73,0,3,30,Female,Nurse
D054,2025-01-05,127,349,7023,79,1,7,30,Female,Nurse
D054,2025-01-06,107,444,4242,80,1,10,30,Female,Nurse
D054,2025-01-07,146,331,7675,75,0,4,30,Female,Nurse
D054,2025-01-08,135,412,5259,76,0,4,30,Female,Nurse
D054,2025-01-09,199,454,11103,79,0,5,30,Female,Nurse
D054,2025-01-10,263,471,9394,85,0,3,30,Female,Nurse
D054,2025-01-11,166,470,5661,78,0,6,30,Female,Nurse
D054,2025-01-12,110,468,11876,77,1,3,30,Female,Nurse
D054,2025-01-13,86,360,11010,86,1,8,30,Female,Nurse
D054,2025-01-14,134,442,10276,74,0,6,30,Female,Nurse
D054,2025-01-15,276,518,8972,84,0,6,30,Female,Nurse
D054,2025-01-16,233,417,8952,79,1,7,30,Female,Nurse
D054,2025-01-17,184,334,10653,73,1,4,30,Female,Nurse
D054,2025-01-18,171,412,9629,87,1,3,30,Female,Nurse
D054,2025-01-19,150,429,13054,79,1,3,30,Female,Nurse
D054,2025-01-20,129,484,9069,,1,10,30,Female,Nurse
D054,2025-01-21,56,380,13814,81,1,8,30,Female,Nurse
D054,2025-01-22,213,498,6931,85,0,3,30,Female,Nurse
D054,2025-01-23,108,,8214,80,1,8,30,Female,Nurse
D054,2025-01-24,203,406,8697,77,1,6,30,Female,Nurse
D054,2025-01-25,136,,10027,80,1,4,30,Female,Nurse
D054,2025-01-26,199,419,10414,82,0,4,30,Female,Nurse
D054,2025-01-27,296,572,10551,80,0,5,30,Female,Nurse
D054,2025-01-28,110,440,8875,82,1,6,30,Female,Nurse
D054,2025-01-29,143,418,14664,81,1,9,30,Female,Nurse
D054,2025-01-30,102,413,9125,76,1,8,30,Female,Nurse
D054,2025-01-31,76,390,10219,84,1,9,30,Female,Nurse
D054,2025-02-01,283,521,8741,,0,4,30,Female,Nurse
D054,2025-02-02,226,436,6948,79,0,5,30,Female,Nurse
D054,2025-02-03,253,362,9272,84,1,3,30,Female,Nurse
D054,2025-02-04,160,335,10857,73,1,4,30,Female,Nurse
D055,2025-01-01,329,403,10188,78,0,6,38,Female,Nurse
D055,2025-01-02,301,422,7017,74,0,4,38,Female,Nurse
D055,2025-01-03,198,338,8537,84,1,8,38,Female,Nurse
D055,2025-01-04,272,302,11840,81,0,3,38,Female,Nurse
D055,2025-01-05,,336,9783,86,0,4,38,Female,Nurse
D055,2025-01-06,277,333,8726,82,0,5,38,Female,Nurse
D055,2025-01-07,321,310,10100,79,1,6,38,Female,Nurse
D055,2025-01-08,335,431,11471,77,1,8,38,Female,Nurse
D055,2025-01-09,166,259,11204,78,1,5,38,Female,Nurse
D055,2025-01-10,170,350,6790,80,1,9,38,Female,Nurse
D055,2025-01-11,250,449,8527,,0,6,38,Female,Nurse
D055,2025-01-12,352,467,5294,86,0,6,38,Female,Nurse
D055,2025-01-13,287,460,8112,76,0,6,38,Female,Nurse
D055,2025-01-14,198,341,7025,79,1,8,38,Female,Nurse
D055,2025-01-15,231,359,7989,78,0,5,38,Female,Nurse
D055,2025-01-16,217,385,10946,82,1,7,38,Female,Nurse
D055,2025-01-17,235,378,13556,83,1,7,38,Female,Nurse
D055,2025-01-18,179,482,6228,81,0,6,38,Female,Nurse
D055,2025-01-19,292,295,11381,83,1,8,38,Female,Nurse
D055,2025-01-20,168,255,10941,79,1,9,38,Female,Nurse
D055,2025-01-21,162,330,10738,,1,5,38,Female,Nurse
D055,2025-01-22,252,373,8588,79,1,6,38,Female,Nurse
D055,2025-01-23,240,326,9258,84,1,9,38,Female,Nurse
D055,2025-01-24,309,321,6855,76,1,4,38,Female,Nurse
D055,2025-01-25,259,476,8803,81,1,6,38,Female,Nurse
D055,2025-01-26,244,347,9103,75,1,4,38,Female,Nurse
D055,2025-01-27,213,310,9756,79,0,5,38,Female,Nurse
D055,2025-01-28,285,369,11587,83,1,9,38,Female,Nurse
D055,2025-01-29,218,412,10750,75,0,6,38,Female,Nurse
D055,2025-01-30,217,314,9171,79,1,4,38,Female,Nurse
D055,2025-01-31,253,346,15937,84,1,3,38,Female,Nurse
D055,2025-02-01,242,304,10482,88,1,6,38,Female,Nurse
D055,2025-02-02,252,320,9895,81,1,9,38,Female,Nurse
D055,2025-02-03,212,354,10992,82,1,8,38,Female,Nurse
D055,2025-02-04,308,383,8050,82,0,5,38,Female,Nurse
D056,2025-01-01,205,,5245,75,0,4,32,Male,Nurse
D056,2025-01-02,186,492,11279,77,1,10,32,Male,Nurse
D056,2025-01-03,292,588,9693,73,1,4,32,Male,Nurse
D056,2025-01-04,161,390,7178,77,1,10,32,Male,Nurse
D056,2025-01-05,234,,10760,,0,4,32,Male,Nurse
D056,2025-01-06,256,536,9141,,0,3,32,Male,Nurse
D056,2025-01-07,272,576,6394,86,0,6,32,Male,Nurse
D056,2025-01-08,146,430,,85,1,3,32,Male,Nurse
D056,2025-01-09,123,437,8918,,1,3,32,Male,Nurse
D056,2025-01-10,128,411,9825,76,1,9,32,Male,Nurse
D056,2025-01-11,198,485,7237,82,1,5,32,Male,Nurse
D056,2025-01-12,294,419,6805,77,0,3,32,Male,Nurse
D056,2025-01-13,194,375,6203,76,1,3,32,Male,Nurse
D056,2025-01-14,190,448,8017,78,0,6,32,Male,Nurse
D056,2025-01-15,205,531,7718,77,0,3,32,Male,Nurse
D056,2025-01-16,,584,5388,,0,5,32,Male,Nurse
D056,2025-01-17,226,470,9400,,1,9,32,Male,Nurse
D056,2025-01-18,203,489,10382,81,1,5,32,Male,Nurse
D056,2025-01-19,156,391,11849,86,1,8,32,Male,Nurse
D056,2025-01-20,238,510,10082,78,0,5,32,Male,Nurse
D056,2025-01-21,116,444,8103,80,1,7,32,Male,Nurse
D056,2025-01-22,,338,8056,83,1,5,32,Male,Nurse
D056,2025-01-23,256,495,6400,80,1,5,32,Male,Nurse
D056,2025-01-24,208,458,9764,76,1,4,32,Male,Nurse
D056,2025-01-25,199,519,9175,79,0,3,32,Male,Nurse
D056,2025-01-26,107,398,12223,86,1,9,32,Male,Nurse
D056,2025-01-27,175,473,3933,86,0,6,32,Male,Nurse
D056,2025-01-28,140,432,10271,74,0,4,32,Male,Nurse
D056,2025-01-29,195,497,10269,77,1,6,32,Male,Nurse
D056,2025-01-30,170,445,7869,78,1,8,32,Male,Nurse
D056,2025-01-31,113,464,10633,87,1,6,32,Male,Nurse
D056,2025-02-01,176,447,11301,73,1,7,32,Male,Nurse
D056,2025-02-02,137,522,7286,81,0,4,32,Male,Nurse
D056,2025-02-03,96,,10841,79,1,8,32,Male,Nurse
D056,2025-02-04,170,423,10849,78,1,10,32,Male,Nurse
D057,2025-01-01,239,518,13669,73,0,6,30,Female,Nurse
D057,2025-01-02,257,444,14083,72,1,3,30,Female,Nurse
D057,2025-01-03,258,447,11310,71,0,6,30,Female,Nurse
D057,2025-01-04,148,407,11092,81,1,7,30,Female,Nurse
D057,2025-01-05,248,513,10694,72,0,3,30,Female,Nurse
D057,2025-01-06,215,524,13417,67,0,4,30,Female,Nurse
D057,2025-01-07,268,526,16293,73,1,4,30,Female,Nurse
D057,2025-01-08,186,472,10957,72,0,6,30,Female,Nurse
D057,2025-01-09,228,346,16898,76,1,5,30,Female,Nurse
D057,2025-01-10,312,440,12820,72,1,7,30,Female,Nurse
D057,2025-01-11,193,416,12103,77,1,5,30,Female,Nurse
D057,2025-01-12,110,454,11393,78,1,9,30,Female,Nurse
D057,2025-01-13,171,421,12520,83,1,8,30,Female,Nurse
D057,2025-01-14,163,541,11306,74,0,6,30,Female,Nurse
D057,2025-01-15,250,485,16465,75,1,4,30,Female,Nurse
D057,2025-01-16,221,483,12424,74,0,5,30,Female,Nurse
D057,2025-01-17,173,347,13348,76,1,9,30,Female,Nurse
D057,2025-01-18,222,372,13096,78,1,7,30,Female,Nurse
D057,2025-01-19,224,459,14622,72,1,4,30,Female,Nurse
D057,2025-01-20,253,417,15915,77,1,4,30,Female,Nurse
D057,2025-01-21,223,430,13755,70,1,4,30,Female,Nurse
D057,2025-01-22,235,462,12269,75,0,6,30,Female,Nurse
D057,2025-01-23,189,407,,75,0,5,30,Female,Nurse
D057,2025-01-24,242,468,11393,66,0,5,30,Female,Nurse
D057,2025-01-25,260,451,13515,78,0,6,30,Female,Nurse
D057,2025-01-26,220,504,13894,81,1,4,30,Female,Nurse
D057,2025-01-27,161,417,7910,73,1,3,30,Female,Nurse
D057,2025-01-28,289,519,8838,82,0,4,30,Female,Nurse
D057,2025-01-29,182,420,12077,81,1,10,30,Female,Nurse
D057,2025-01-30,258,487,12740,72,1,3,30,Female,Nurse
D057,2025-01-31,205,468,12434,78,1,6,30,Female,Nurse
D057,2025-02-01,200,469,12434,76,1,7,30,Female,Nurse
D057,2025-02-02,250,455,13170,78,1,3,30,Female,Nurse
D057,2025-02-03,157,492,15537,84,1,10,30,Female,Nurse
D057,2025-02-04,202,424,,71,1,8,30,Female,Nurse
D058,2025-01-01,219,379,9817,73,1,10,24,Female,Nurse
D058,2025-01-02,,318,14204,,1,6,24,Female,Nurse
D058,2025-01-03,186,349,15026,69,1,5,24,Female,Nurse
D058,2025-01-04,165,353,10963,74,1,4,24,Female,Nurse
D058,2025-01-05,108,280,8518,69,1,8,24,Female,Nurse
D058,2025-01-06,129,281,8787,72,1,5,24,Female,Nurse
D058,2025-01-07,273,394,7836,68,0,3,24,Female,Nurse
D058,2025-01-08,142,359,,70,1,8,24,Female,Nurse
D058,2025-01-09,139,357,12099,66,1,7,24,Female,Nurse
D058,2025-01-10,212,391,6994,78,0,6,24,Female,Nurse
D058,2025-01-11,176,410,7201,70,1,3,24,Female,Nurse
D058,2025-01-12,146,309,8491,73,0,6,24,Female,Nurse
D058,2025-01-13,231,425,10058,81,0,5,24,Female,Nurse
D058,2025-01-14,177,285,11043,70,1,8,24,Female,Nurse
D058,2025-01-15,191,328,9764,67,1,5,24,Female,Nurse
D058,2025-01-16,134,306,11607,74,1,6,24,Female,Nurse
D058,2025-01-17,200,357,14534,71,1,5,24,Female,Nurse
D058,2025-01-18,224,299,10891,,0,6,24,Female,Nurse
D058,2025-01-19,216,329,14292,67,1,6,24,Female,Nurse
D058,2025-01-20,222,,11513,71,0,3,24,Female,Nurse
D058,2025-01-21,161,296,8791,70,0,5,24,Female,Nurse
D058,2025-01-22,151,301,9152,74,1,4,24,Female,Nurse
D058,2025-01-23,203,334,15739,76,1,6,24,Female,Nurse
D058,2025-01-24,189,414,10909,68,1,3,24,Female,Nurse
D058,2025-01-25,179,334,8441,67,1,6,24,Female,Nurse
D058,2025-01-26,151,360,12737,74,1,7,24,Female,Nurse
D058,2025-01-27,204,289,10090,70,1,9,24,Female,Nurse
D058,2025-01-28,165,443,8164,72,0,4,24,Female,Nurse
D058,2025-01-29,173,396,11381,66,0,4,24,Female,Nurse
D058,2025-01-30,123,348,11735,77,1,4,24,Female,Nurse
D058,2025-01-31,223,350,5447,76,0,4,24,Female,Nurse
D058,2025-02-01,227,307,10109,71,1,10,24,Female,Nurse
D058,2025-02-02,181,322,9217,73,1,5,24,Female,Nurse
D058,2025-02-03,261,378,8473,68,0,4,24,Female,Nurse
D058,2025-02-04,180,426,12217,79,1,8,24,Female,Nurse
D059,2025-01-01,232,467,9954,70,0,6,22,Male,Nurse
D059,2025-01-02,229,366,8249,63,1,4,22,Male,Nurse
D059,2025-01-03,152,424,8947,,1,5,22,Male,Nurse
D059,2025-01-04,198,434,10432,72,1,4,22,Male,Nurse
D059,2025-01-05,224,411,9956,70,1,8,22,Male,Nurse
D059,2025-01-06,190,412,11442,74,1,6,22,Male,Nurse
D059,2025-01-07,124,438,8414,68,1,7,22,Male,Nurse
D059,2025-01-08,264,450,9157,67,0,3,22,Male,Nurse
D059,2025-01-09,215,421,7525,67,0,6,22,Male,Nurse
D059,2025-01-10,158,495,13101,75,1,8,22,Male,Nurse
D059,2025-01-11,133,373,7200,74,1,6,22,Male,Nurse
D059,2025-01-12,112,439,13177,76,1,8,22,Male,Nurse
D059,2025-01-13,118,401,9884,65,1,3,22,Male,Nurse
D059,2025-01-14,190,362,3608,69,1,8,22,Male,Nurse
D059,2025-01-15,247,438,12693,73,1,3,22,Male,Nurse
D059,2025-01-16,249,439,7175,71,1,3,22,Male,Nurse
D059,2025-01-17,79,359,8289,70,1,10,22,Male,Nurse
D059,2025-01-18,181,388,10182,,0,5,22,Male,Nurse
D059,2025-01-19,178,433,14502,66,1,6,22,Male,Nurse
D059,2025-01-20,200,310,10475,74,1,6,22,Male,Nurse
D059,2025-01-21,220,415,,70,0,3,22,Male,Nurse
D059,2025-01-22,202,483,9787,72,0,5,22,Male,Nurse
D059,2025-01-23,144,524,9629,68,0,4,22,Male,Nurse
D059,2025-01-24,208,446,10650,72,1,10,22,Male,Nurse
D059,2025-01-25,205,446,10162,69,1,10,22,Male,Nurse
D059,2025-01-26,255,425,14084,68,1,3,22,Male,Nurse
D059,2025-01-27,176,376,6842,68,0,3,22,Male,Nurse
D059,2025-01-28,189,327,14096,69,0,3,22,Male,Nurse
D059,2025-01-29,138,352,8662,74,1,9,22,Male,Nurse
D059,2025-01-30,168,357,7948,72,1,8,22,Male,Nurse
D059,2025-01-31,213,403,8890,71,1,8,22,Male,Nurse
D059,2025-02-01,166,477,,73,1,8,22,Male,Nurse
D059,2025-02-02,140,,10973,74,1,4,22,Male,Nurse
D059,2025-02-03,134,402,8735,70,1,6,22,Male,Nurse
D059,2025-02-04,216,408,8052,71,1,10,22,Male,Nurse
D060,2025-01-01,233,382,8385,76,1,5,28,Female,Nurse
D060,2025-01-02,227,361,12264,,1,10,28,Female,Nurse
D060,2025-01-03,204,379,9047,71,1,8,28,Female,Nurse
D060,2025-01-04,312,514,9005,70,0,4,28,Female,Nurse
D060,2025-01-05,233,400,12753,74,1,8,28,Female,Nurse
D060,2025-01-06,173,418,14537,71,1,7,28,Female,Nurse
D060,2025-01-07,154,260,16466,,1,10,28,Female,Nurse
D060,2025-01-08,246,421,13097,77,1,9,28,Female,Nurse
D060,2025-01-09,226,,10973,74,1,5,28,Female,Nurse
D060,2025-01-10,205,359,15249,,1,7,28,Female,Nurse
D060,2025-01-11,266,470,11981,76,0,6,28,Female,Nurse
D060,2025-01-12,256,512,15603,78,1,8,28,Female,Nurse
D060,2025-01-13,227,382,13226,76,1,5,28,Female,Nurse
D060,2025-01-14,212,292,,73,1,3,28,Female,Nurse
D060,2025-01-15,294,463,9032,77,0,3,28,Female,Nurse
D060,2025-01-16,222,397,9278,69,1,4,28,Female,Nurse
D060,2025-01-17,285,425,9813,71,0,5,28,Female,Nurse
D060,2025-01-18,186,388,16353,77,1,10,28,Female,Nurse
D060,2025-01-19,192,343,10970,78,0,5,28,Female,Nurse
D060,2025-01-20,247,356,15341,,1,4,28,Female,Nurse
D060,2025-01-21,238,381,13831,77,1,7,28,Female,Nurse
D060,2025-01-22,277,384,16177,74,1,10,28,Female,Nurse
D060,2025-01-23,261,506,16390,77,1,10,28,Female,Nurse
D060,2025-01-24,190,404,13486,67,1,4,28,Female,Nurse
D060,2025-01-25,241,,12571,78,1,4,28,Female,Nurse
D060,2025-01-26,234,374,12854,69,1,7,28,Female,Nurse
D060,2025-01-27,198,410,15490,74,1,10,28,Female,Nurse
D060,2025-01-28,126,254,9718,70,1,9,28,Female,Nurse
D060,2025-01-29,304,449,17446,68,1,10,28,Female,Nurse
D060,2025-01-30,259,387,14345,74,1,4,28,Female,Nurse
D060,2025-01-31,221,394,11840,73,0,5,28,Female,Nurse
D060,2025-02-01,198,437,,75,0,5,28,Female,Nurse
D060,2025-02-02,,462,13495,72,1,5,28,Female,Nurse
D060,2025-02-03,284,,11501,70,0,6,28,Female,Nurse
D060,2025-02-04,256,351,16085,71,1,6,28,Female,Nurse
D061,2025-01-01,90,304,16935,74,1,5,31,Female,Nurse
D061,2025-01-02,,415,8046,70,0,4,31,Female,Nurse
D061,2025-01-03,181,422,14121,,0,5,31,Female,Nurse
D061,2025-01-04,193,368,13537,80,1,3,31,Female,Nurse
D061,2025-01-05,140,404,15805,74,1,4,31,Female,Nurse
D061,2025-01-06,195,,18360,77,1,7,31,Female,Nurse
D061,2025-01-07,97,467,12841,77,1,8,31,Female,Nurse
D061,2025-01-08,109,452,12909,72,1,8,31,Female,Nurse
D061,2025-01-09,108,400,10882,69,1,10,31,Female,Nurse
D061,2025-01-10,133,423,10566,71,0,3,31,Female,Nurse
D061,2025-01-11,81,407,11846,77,1,9,31,Female,Nurse
D061,2025-01-12,148,411,12316,72,1,8,31,Female,Nurse
D061,2025-01-13,120,463,10784,74,0,6,31,Female,Nurse
D061,2025-01-14,129,454,14267,73,1,5,31,Female,Nurse
D061,2025-01-15,267,483,14273,75,1,5,31,Female,Nurse
D061,2025-01-16,202,390,14025,73,1,4,31,Female,Nurse
D061,2025-01-17,190,,14488,87,0,5,31,Female,Nurse
D061,2025-01-18,192,504,8019,74,0,6,31,Female,Nurse
D061,2025-01-19,114,344,10135,76,1,8,31,Female,Nurse
D061,2025-01-20,195,445,11527,74,1,7,31,Female,Nurse
D061,2025-01-21,252,430,10748,74,0,5,31,Female,Nurse
D061,2025-01-22,138,414,14127,80,1,9,31,Female,Nurse
D061,2025-01-23,163,372,12595,75,1,8,31,Female,Nurse
D061,2025-01-24,197,,11667,77,0,5,31,Female,Nurse
D061,2025-01-25,117,394,14894,75,1,3,31,Female,Nurse
D061,2025-01-26,132,422,15937,70,1,5,31,Female,Nurse
D061,2025-01-27,145,420,17060,72,1,6,31,Female,Nurse
D061,2025-01-28,194,,10340,,0,3,31,Female,Nurse
D061,2025-01-29,140,359,13474,76,1,7,31,Female,Nurse
D061,2025-01-30,174,391,10969,83,0,4,31,Female,Nurse
D061,2025-01-31,142,342,15879,74,1,5,31,Female,Nurse
D061,2025-02-01,230,416,9301,75,0,4,31,Female,Nurse
D061,2025-02-02,180,383,14210,74,1,4,31,Female,Nurse
D061,2025-02-03,191,426,8373,68,0,3,31,Female,Nurse
D061,2025-02-04,160,342,12931,81,1,9,31,Female,Nurse
D062,2025-01-01,271,566,8228,71,1,10,43,Female,Nurse
D062,2025-01-02,309,392,7763,72,1,3,43,Female,Nurse
D062,2025-01-03,244,367,4152,75,0,4,43,Female,Nurse
D062,2025-01-04,203,450,8615,80,0,6,43,Female,Nurse
D062,2025-01-05,264,453,7381,76,1,7,43,Female,Nurse
D062,2025-01-06,338,357,8599,78,1,5,43,Female,Nurse
D062,2025-01-07,199,441,5362,78,0,5,43,Female,Nurse
D062,2025-01-08,181,465,6157,81,1,10,43,Female,Nurse
D062,2025-01-09,266,371,2290,72,0,3,43,Female,Nurse
D062,2025-01-10,246,456,12143,76,1,7,43,Female,Nurse
D062,2025-01-11,255,523,9161,77,1,3,43,Female,Nurse
D062,2025-01-12,322,600,1000,72,0,3,43,Female,Nurse
D062,2025-01-13,242,468,4444,77,0,4,43,Female,Nurse
D062,2025-01-14,279,496,,78,0,6,43,Female,Nurse
D062,2025-01-15,304,476,6506,71,1,7,43,Female,Nurse
D062,2025-01-16,238,361,7955,77,1,7,43,Female,Nurse
D062,2025-01-17,248,412,5939,73,1,3,43,Female,Nurse
D062,2025-01-18,189,407,9996,,1,10,43,Female,Nurse
D062,2025-01-19,228,296,3785,,1,10,43,Female,Nurse
D062,2025-01-20,212,442,8566,73,0,5,43,Female,Nurse
D062,2025-01-21,223,363,7293,70,1,6,43,Female,Nurse
D062,2025-01-22,237,394,7421,72,1,9,43,Female,Nurse
D062,2025-01-23,320,444,9516,77,1,3,43,Female,Nurse
D062,2025-01-24,216,471,7866,79,0,5,43,Female,Nurse
D062,2025-01-25,360,475,9061,69,0,4,43,Female,Nurse
D062,2025-01-26,230,446,7260,75,1,5,43,Female,Nurse
D062,2025-01-27,306,250,7254,73,1,3,43,Female,Nurse
D062,2025-01-28,241,439,9107,77,1,9,43,Female,Nurse
D062,2025-01-29,338,543,5994,70,0,3,43,Female,Nurse
D062,2025-01-30,318,578,2344,,0,5,43,Female,Nurse
D062,2025-01-31,267,484,5763,76,1,10,43,Female,Nurse
D062,2025-02-01,188,436,9471,80,1,7,43,Female,Nurse
D062,2025-02-02,262,501,9614,72,1,4,43,Female,Nurse
D062,2025-02-03,344,538,6507,77,0,6,43,Female,Nurse
D062,2025-02-04,289,477,8886,78,1,10,43,Female,Nurse
D063,2025-01-01,206,583,,91,1,9,32,Female,Nurse
D063,2025-01-02,436,506,12584,88,0,3,32,Female,Nurse
D063,2025-01-03,219,456,7428,87,0,5,32,Female,Nurse
D063,2025-01-04,296,466,8444,92,1,7,32,Female,Nurse
D063,2025-01-05,269,500,13503,88,1,7,32,Female,Nurse
D063,2025-01-06,296,418,14151,87,1,10,32,Female,Nurse
D063,2025-01-07,300,399,10895,80,0,4,32,Female,Nurse
D063,2025-01-08,243,363,13642,88,1,5,32,Female,Nurse
D063,2025-01-09,242,520,9921,88,1,9,32,Female,Nurse
D063,2025-01-10,211,317,,85,1,6,32,Female,Nurse
D063,2025-01-11,211,443,9362,92,1,5,32,Female,Nurse
D063,2025-01-12,334,441,,86,1,7,32,Female,Nurse
D063,2025-01-13,350,479,12019,87,1,5,32,Female,Nurse
D063,2025-01-14,313,535,8424,94,0,5,32,Female,Nurse
D063,2025-01-15,268,355,16015,88,1,4,32,Female,Nurse
D063,2025-01-16,328,435,15862,,1,3,32,Female,Nurse
D063,2025-01-17,246,470,14353,87,1,9,32,Female,Nurse
D063,2025-01-18,276,494,8364,86,1,10,32,Female,Nurse
D063,2025-01-19,265,504,13958,86,1,7,32,Female,Nurse
D063,2025-01-20,308,507,12931,89,1,3,32,Female,Nurse
D063,2025-01-21,316,572,11760,86,0,5,32,Female,Nurse
D063,2025-01-22,288,477,14785,78,0,3,32,Female,Nurse
D063,2025-01-23,299,433,14227,86,1,4,32,Female,Nurse
D063,2025-01-24,249,362,13388,87,1,7,32,Female,Nurse
D063,2025-01-25,278,523,12731,88,1,4,32,Female,Nurse
D063,2025-01-26,314,489,10243,87,0,4,32,Female,Nurse
D063,2025-01-27,319,565,16177,88,1,6,32,Female,Nurse
D063,2025-01-28,235,407,13728,86,1,6,32,Female,Nurse
D063,2025-01-29,356,531,13753,82,1,4,32,Female,Nurse
D063,2025-01-30,312,583,8402,83,0,3,32,Female,Nurse
D063,2025-01-31,298,464,9622,92,1,9,32,Female,Nurse
D063,2025-02-01,225,429,10968,92,1,8,32,Female,Nurse
D063,2025-02-02,242,516,12278,88,1,7,32,Female,Nurse
D063,2025-02-03,268,367,11329,89,1,7,32,Female,Nurse
D063,2025-02-04,363,504,13859,87,0,4,32,Female,Nurse
D064,2025-01-01,248,409,11638,78,1,5,38,Female,Nurse
D064,2025-01-02,279,287,12612,77,0,5,38,Female,Nurse
D064,2025-01-03,255,340,10641,78,1,10,38,Female,Nurse
D064,2025-01-04,289,380,11065,71,1,8,38,Female,Nurse
D064,2025-01-05,168,282,,73,1,10,38,Female,Nurse
D064,2025-01-06,162,381,16612,75,1,8,38,Female,Nurse
D064,2025-01-07,341,373,13101,71,1,7,38,Female,Nurse
D064,2025-01-08,309,479,11541,73,1,7,38,Female,Nurse
D064,2025-01-09,182,441,11203,74,1,10,38,Female,Nurse
D064,2025-01-10,317,527,12253,70,0,5,38,Female,Nurse
D064,2025-01-11,150,368,9085,74,1,9,38,Female,Nurse
D064,2025-01-12,181,354,16220,76,1,8,38,Female,Nurse
D064,2025-01-13,197,438,14700,76,1,9,38,Female,Nurse
D064,2025-01-14,219,444,12105,76,1,7,38,Female,Nurse
D064,2025-01-15,243,406,,70,0,5,38,Female,Nurse
D064,2025-01-16,257,381,10756,74,1,4,38,Female,Nurse
D064,2025-01-17,191,380,13637,77,1,10,38,Female,Nurse
D064,2025-01-18,321,357,11219,80,1,5,38,Female,Nurse
D064,2025-01-19,234,398,13770,78,1,3,38,Female,Nurse
D064,2025-01-20,244,378,14304,74,1,6,38,Female,Nurse
D064,2025-01-21,319,436,8339,70,0,6,38,Female,Nurse
D064,2025-01-22,328,455,14070,71,1,6,38,Female,Nurse
D064,2025-01-23,180,374,10298,,1,9,38,Female,Nurse
D064,2025-01-24,195,395,,72,1,10,38,Female,Nurse
D064,2025-01-25,221,305,13849,78,1,5,38,Female,Nurse
D064,2025-01-26,238,275,11222,83,1,5,38,Female,Nurse
D064,2025-01-27,207,336,11259,72,1,9,38,Female,Nurse
D064,2025-01-28,228,395,11859,76,0,6,38,Female,Nurse
D064,2025-01-29,303,460,10113,,0,5,38,Female,Nurse
D064,2025-01-30,262,362,12558,78,0,3,38,Female,Nurse
D064,2025-01-31,320,480,14512,66,1,4,38,Female,Nurse
D064,2025-02-01,265,344,11713,77,1,3,38,Female,Nurse
D064,2025-02-02,237,310,13511,75,1,9,38,Female,Nurse
D064,2025-02-03,230,369,11692,76,1,8,38,Female,Nurse
D064,2025-02-04,206,454,14554,81,1,5,38,Female,Nurse
D065,2025-01-01,264,473,14323,76,1,3,28,Male,Nurse
D065,2025-01-02,291,325,17688,85,1,5,28,Male,Nurse
D065,2025-01-03,195,399,13546,72,1,7,28,Male,Nurse
D065,2025-01-04,147,399,8044,82,0,3,28,Male,Nurse
D065,2025-01-05,219,303,15143,84,1,6,28,Male,Nurse
D065,2025-01-06,268,407,11035,82,0,6,28,Male,Nurse
D065,2025-01-07,203,334,12710,85,1,6,28,Male,Nurse
D065,2025-01-08,171,381,,81,1,3,28,Male,Nurse
D065,2025-01-09,186,344,12024,84,1,3,28,Male,Nurse
D065,2025-01-10,247,384,13979,79,1,9,28,Male,Nurse
D065,2025-01-11,230,405,8286,78,0,6,28,Male,Nurse
D065,2025-01-12,246,461,8023,78,0,3,28,Male,Nurse
D065,2025-01-13,254,340,11859,81,0,3,28,Male,Nurse
D065,2025-01-14,332,444,,79,0,4,28,Male,Nurse
D065,2025-01-15,87,276,14518,85,1,4,28,Male,Nurse
D065,2025-01-16,187,403,12446,72,0,6,28,Male,Nurse
D065,2025-01-17,223,358,9790,,1,4,28,Male,Nurse
D065,2025-01-18,207,488,7975,81,0,5,28,Male,Nurse
D065,2025-01-19,242,411,15059,72,1,3,28,Male,Nurse
D065,2025-01-20,83,290,13137,76,1,8,28,Male,Nurse
D065,2025-01-21,250,348,10452,87,0,3,28,Male,Nurse
D065,2025-01-22,291,370,12223,78,1,3,28,Male,Nurse
D065,2025-01-23,166,390,12147,81,1,8,28,Male,Nurse
D065,2025-01-24,204,372,10189,85,1,5,28,Male,Nurse
D065,2025-01-25,288,358,11546,76,1,3,28,Male,Nurse
D065,2025-01-26,238,358,15390,79,1,4,28,Male,Nurse
D065,2025-01-27,152,416,11896,81,0,6,28,Male,Nurse
D065,2025-01-28,263,380,12080,83,1,3,28,Male,Nurse
D065,2025-01-29,226,325,7848,82,0,4,28,Male,Nurse
D065,2025-01-30,174,312,15737,78,1,5,28,Male,Nurse
D065,2025-01-31,182,368,13750,90,1,6,28,Male,Nurse
D065,2025-02-01,224,441,5914,80,0,3,28,Male,Nurse
D065,2025-02-02,322,,15225,81,1,5,28,Male,Nurse
D065,2025-02-03,227,365,11544,83,1,5,28,Male,Nurse
D065,2025-02-04,179,409,10775,81,1,10,28,Male,Nurse
D066,2025-01-01,397,415,8419,77,0,4,23,Female,Nurse
D066,2025-01-02,252,451,10859,87,1,9,23,Female,Nurse
D066,2025-01-03,202,446,12396,90,1,5,23,Female,Nurse
D066,2025-01-04,351,467,10607,85,0,6,23,Female,Nurse
D066,2025-01-05,308,363,14870,81,1,3,23,Female,Nurse
D066,2025-01-06,331,356,12191,83,0,3,23,Female,Nurse
D066,2025-01-07,249,425,12652,85,1,8,23,Female,Nurse
D066,2025-01-08,264,421,12228,85,1,7,23,Female,Nurse
D066,2025-01-09,270,383,14128,87,1,5,23,Female,Nurse
D066,2025-01-10,,408,5665,86,0,4,23,Female,Nurse
D066,2025-01-11,326,422,6522,86,0,3,23,Female,Nurse
D066,2025-01-12,223,339,12546,80,1,8,23,Female,Nurse
D066,2025-01-13,328,355,9444,85,1,4,23,Female,Nurse
D066,2025-01-14,282,393,10777,84,0,6,23,Female,Nurse
D066,2025-01-15,182,390,9882,84,1,10,23,Female,Nurse
D066,2025-01-16,240,368,12561,83,1,9,23,Female,Nurse
D066,2025-01-17,198,472,14628,91,1,10,23,Female,Nurse
D066,2025-01-18,387,495,12713,82,0,5,23,Female,Nurse
D066,2025-01-19,263,329,9953,85,0,5,23,Female,Nurse
D066,2025-01-20,306,414,12998,86,1,8,23,Female,Nurse
D066,2025-01-21,276,448,11285,81,0,5,23,Female,Nurse
D066,2025-01-22,421,486,8073,78,0,3,23,Female,Nurse
D066,2025-01-23,252,440,10226,81,0,6,23,Female,Nurse
D066,2025-01-24,318,480,11395,85,0,5,23,Female,Nurse
D066,2025-01-25,297,484,9728,81,1,9,23,Female,Nurse
D066,2025-01-26,356,454,9769,76,0,3,23,Female,Nurse
D066,2025-01-27,376,447,9469,,0,3,23,Female,Nurse
D066,2025-01-28,270,410,13658,79,1,6,23,Female,Nurse
D066,2025-01-29,,368,10437,,1,3,23,Female,Nurse
D066,2025-01-30,332,423,11787,84,1,6,23,Female,Nurse
D066,2025-01-31,326,383,11419,82,1,3,23,Female,Nurse
D066,2025-02-01,297,338,10680,76,1,4,23,Female,Nurse
D066,2025-02-02,338,387,10356,84,1,9,23,Female,Nurse
D066,2025-02-03,294,275,12763,84,1,5,23,Female,Nurse
D066,2025-02-04,285,283,10670,80,1,4,23,Female,Nurse
D067,2025-01-01,153,288,9659,84,1,6,24,Female,Physician
D067,2025-01-02,168,,13333,83,1,6,24,Female,Physician
D067,2025-01-03,151,354,11567,81,1,6,24,Female,Physician
D067,2025-01-04,226,444,4925,79,0,6,24,Female,Physician
D067,2025-01-05,122,315,8304,72,1,4,24,Female,Physician
D067,2025-01-06,347,540,7447,81,0,3,24,Female,Physician
D067,2025-01-07,165,435,6514,78,0,4,24,Female,Physician
D067,2025-01-08,143,301,11370,79,1,10,24,Female,Physician
D067,2025-01-09,229,465,6144,80,0,4,24,Female,Physician
D067,2025-01-10,254,332,7866,82,0,5,24,Female,Physician
D067,2025-01-11,273,378,14258,83,1,6,24,Female,Physician
D067,2025-01-12,229,379,11380,80,0,6,24,Female,Physician
D067,2025-01-13,166,425,14771,84,1,9,24,Female,Physician
D067,2025-01-14,216,423,6942,84,1,6,24,Female,Physician
D067,2025-01-15,220,366,10331,82,1,3,24,Female,Physician
D067,2025-01-16,186,460,12842,80,1,4,24,Female,Physician
D067,2025-01-17,128,,11666,84,1,8,24,Female,Physician
D067,2025-01-18,190,359,8922,89,1,7,24,Female,Physician
D067,2025-01-19,204,484,,81,0,4,24,Female,Physician
D067,2025-01-20,287,539,7978,93,0,4,24,Female,Physician
D067,2025-01-21,222,419,11362,82,1,6,24,Female,Physician
D067,2025-01-22,303,456,6835,78,0,3,24,Female,Physician
D067,2025-01-23,287,500,8813,74,0,3,24,Female,Physician
D067,2025-01-24,129,327,7518,82,1,9,24,Female,Physician
D067,2025-01-25,170,364,9206,80,1,9,24,Female,Physician
D067,2025-01-26,244,,11609,81,1,4,24,Female,Physician
D067,2025-01-27,254,399,7159,80,0,4,24,Female,Physician
D067,2025-01-28,136,360,10544,81,1,6,24,Female,Physician
D067,2025-01-29,256,494,8733,82,0,6,24,Female,Physician
D067,2025-01-30,314,432,5988,78,0,3,24,Female,Physician
D067,2025-01-31,232,377,10036,78,0,3,24,Female,Physician
D067,2025-02-01,314,472,,77,0,5,24,Female,Physician
D067,2025-02-02,248,332,4084,79,0,4,24,Female,Physician
D067,2025-02-03,212,444,,81,1,8,24,Female,Physician
D067,2025-02-04,214,342,7786,85,0,6,24,Female,Physician
D068,2025-01-01,239,422,14429,75,1,3,26,Female,Nurse
D068,2025-01-02,281,452,12504,80,0,6,26,Female,Nurse
D068,2025-01-03,290,418,10750,76,0,3,26,Female,Nurse
D068,2025-01-04,143,326,13546,82,1,8,26,Female,Nurse
D068,2025-01-05,255,494,12824,80,0,5,26,Female,Nurse
D068,2025-01-06,240,423,9861,74,1,6,26,Female,Nurse
D068,2025-01-07,176,395,15571,82,1,8,26,Female,Nurse
D068,2025-01-08,,480,12015,77,1,7,26,Female,Nurse
D068,2025-01-09,268,335,11048,75,1,6,26,Female,Nurse
D068,2025-01-10,234,413,9783,74,1,5,26,Female,Nurse
D068,2025-01-11,282,,13434,72,1,7,26,Female,Nurse
D068,2025-01-12,274,370,13719,68,1,3,26,Female,Nurse
D068,2025-01-13,270,355,8793,77,0,3,26,Female,Nurse
D068,2025-01-14,264,346,8171,68,1,4,26,Female,Nurse
D068,2025-01-15,,430,7152,73,0,5,26,Female,Nurse
D068,2025-01-16,272,448,3447,72,0,6,26,Female,Nurse
D068,2025-01-17,260,422,10013,68,1,3,26,Female,Nurse
D068,2025-01-18,159,300,,74,1,8,26,Female,Nurse
D068,2025-01-19,211,398,,78,1,3,26,Female,Nurse
D068,2025-01-20,,371,14922,74,1,7,26,Female,Nurse
D068,2025-01-21,137,345,11993,71,1,10,26,Female,Nurse
D068,2025-01-22,219,420,7233,72,0,6,26,Female,Nurse
D068,2025-01-23,271,391,11051,70,1,7,26,Female,Nurse
D068,2025-01-24,284,436,11994,76,0,6,26,Female,Nurse
D068,2025-01-25,277,450,8796,74,0,4,26,Female,Nurse
D068,2025-01-26,196,431,12925,78,1,6,26,Female,Nurse
D068,2025-01-27,253,400,8774,75,1,5,26,Female,Nurse
D068,2025-01-28,290,416,12281,75,0,5,26,Female,Nurse
D068,2025-01-29,150,339,10572,79,1,9,26,Female,Nurse
D068,2025-01-30,206,308,14799,69,1,6,26,Female,Nurse
D068,2025-01-31,250,377,8272,71,1,6,26,Female,Nurse
D068,2025-02-01,168,354,13312,82,1,5,26,Female,Nurse
D068,2025-02-02,222,330,10450,73,1,4,26,Female,Nurse
D068,2025-02-03,213,279,9572,72,1,4,26,Female,Nurse
D068,2025-02-04,259,362,11140,76,0,5,26,Female,Nurse